x1,x2,x3,x4,x5,x6,y
-1.0,-0.46851926372074504,-0.22286340265737736,-0.14121017329711794,1.0,0.6072092295602051,2.2511640490737426
0.003615487314013302,-0.4146525682555894,-1.0,-1.0,-0.5028028334231105,-1.0,2.9577640085925125
-0.05363502414326263,-0.03916432086060728,-0.904999864402923,0.0612831966507964,0.19687452796688598,0.3507534728773614,0.868936323935751
0.6279137643284223,0.8216492569561962,0.3958905576222782,0.9796997476462235,0.9825188003848693,0.9376664942579764,-0.4398090024340383
-0.6056703769472445,-0.9474194232671497,-0.7223364693747576,-0.5529919469684772,1.0,-0.5218493990370394,-0.015567692452047756
1.0,0.02447910502679007,1.0,1.0,0.9389652031257444,0.44692818932576023,-5.800996760720767
-0.034397247353869606,0.2533352475271822,-1.0,-1.0,-0.9735050042359115,-1.0,-0.1956843491265268
-0.779855919892404,0.7583848826871604,-0.8554962190267186,-0.9528513898916627,-1.0,0.43072024961105165,3.257366234512414
-0.9556737176611201,-1.0,-0.0010719048827395605,-1.0,-0.015952544658439205,0.6326218914164898,-2.879382499339405
-1.0,-0.47846715803128437,-0.8576903206082244,-0.8919864588121733,-0.36373791948617235,0.0010738697560334631,-2.490972374514927
-0.10782066144235336,-0.976928587961854,-1.0,-0.6359216857663857,-0.567032044372702,0.5421717889880743,-0.8491972389572934
-1.0,-0.8795073260698596,-1.0,-0.48544340830071464,1.0,1.0,4.224628459470968
0.21123661412542827,1.0,0.01779171091808518,0.18907284171933336,-1.0,-0.49435467298763236,1.0101210023550071
-1.0,-0.01582655685717005,-0.2767903422421607,-0.12694694467201129,-1.0,-0.7218499515657517,-2.288137119084311
-0.3981747011845894,-0.3302422310275037,-0.4835591171750822,0.5968040961814224,-0.5314576038084767,-0.2161572383311326,-0.31554055383836965
-0.8942378914527935,-1.0,-1.0,-1.0,-1.0,-1.0,4.579541653165109
-0.4236894913129199,0.014323409061555048,1.0,-1.0,-1.0,0.19859536292071645,-2.1263250976069887
0.5295766318062998,1.0,1.0,0.9284907304446344,1.0,0.6582145834678539,-8.299781785750081
-0.26188765151980675,0.2865113587477672,-0.48042451302027334,0.756788660035056,0.5848827866837113,1.0,5.007275281458605
-0.06156823425518543,-0.06536616951985885,1.0,-0.8647231576423089,0.7718497438403638,1.0,-1.9405554088146009
0.42029539171031477,-1.0,-1.0,0.506010607936683,-0.03591043943195568,-0.10063652488174912,-2.9753804544015576
-1.0,-0.046536614251213027,-0.6880327816869507,-1.0,-1.0,-1.0,0.10446551225852163
-0.1797789984410857,-0.21698860188903257,0.806464973841831,0.9130092965531765,1.0,0.2327308502717349,0.2577176403171782
-0.6940729049618957,-0.7522307942755915,-1.0,-0.13878342098071328,-0.931771818614136,-0.960559175257504,0.24398794409378466
0.004028432870742726,-0.2128535839618546,-1.0,0.8828401661601296,0.04325275078881308,-0.2539542377922249,-0.6595251488206667
-0.9211083301046161,-1.0,-0.284757474596143,0.57605454467532,-0.3969244463373257,0.7325803656175072,-1.2247523421400404
1.0,0.2612819215323651,1.0,-0.6537373236735906,0.5347606957489631,0.8639215754311194,-4.0561651043875395
0.7841945144508916,0.9574928221267897,0.8689145692582488,-0.14133469163285134,0.4629714002634965,-0.8145869609549288,-1.590965157112143
0.012949485365333746,-0.5213417917261504,-0.2077769108140125,-0.9379977177076438,-0.5003046605411496,-0.37080436995650795,1.0293744871053894
-0.6033118502556218,0.18915628470616508,-1.0,-0.6172659853241611,-0.005341209072257585,0.7424307922522108,4.8085288123596
-1.0,-0.5802396816944257,1.0,-0.013429550369905563,-0.022857395471272968,0.6576262155148264,-2.1473211868170052
1.0,0.638913189474285,0.5846878581884287,0.4231963608198934,-0.4499188359189287,-1.0,5.876839433257552
-1.0,-0.39596116178650165,-0.9317731953773067,-0.37198045407348024,-0.38924530558945536,-0.3461396904057219,-1.2321904202402438
-0.6215256885471079,1.0,0.33455153855107733,-0.506234059686046,1.0,-1.0,2.266023964726314
-0.2619905393653871,0.5637671455337885,0.652262599367321,0.016463724913480693,-1.0,0.9198817238196308,0.026159987498539664
1.0,0.7771526056211839,0.4760593228671284,1.0,0.22887400989055998,-1.0,4.892263438300438
0.5668310985769096,1.0,0.8453100506433617,0.716354118826313,1.0,-0.5599865256061948,-3.340166957662648
-0.9761382802976952,-0.6333719808403871,-0.06825641290886786,-0.5573382827027469,-1.0,-0.3016497854865152,-0.7114712904171671
-0.1357759008894356,-0.635217384755854,0.08772871262607529,-0.15583761247268424,-0.06616170473406904,-0.2466418909933995,1.0503086295225101
-0.5117134397529404,0.27206874613347454,0.15147208155216285,-0.5408406542969982,-1.0,-0.001134461735120551,-1.3914628346607691
0.7068095854239147,0.9714623172723222,0.4269067095408871,0.25107769491620036,0.11981204932551101,0.381418130324668,-1.5989216032575122
0.6862390633630191,1.0,0.45997009315824866,1.0,-0.4172544092819054,0.42800668682348175,1.042629451947455
1.0,1.0,-0.2356280430640587,0.9710032062045943,-0.2687912127722337,0.35748439689536415,2.2993804131465985
-1.0,-1.0,-0.7790561034000114,-0.13299487150271194,0.3245853245706918,-0.9634972461243358,4.443991116257518
1.0,1.0,1.0,0.19011144482964237,0.9553966256103815,0.5448453245117941,-6.258342831858709
-0.10881483626892308,-0.9877849474840329,0.09326952942742517,-1.0,-1.0,-1.0,9.575567369884139
-1.0,-0.36524073616647,0.09269320165181527,-0.6181120837836207,-0.7031102865061558,-0.38443518491728734,-0.42447060516102175
-1.0,-1.0,-1.0,-0.6755024781720069,1.0,0.7257418391043887,-2.9289183182414296
0.22674592889914136,0.22672929121423846,1.0,0.433962053691493,-1.0,-1.0,1.1124597403922687
-0.5164948050724916,-1.0,-1.0,-1.0,-0.1969851862616797,0.07981938942878086,-6.043457260174053
0.47498071412444476,-1.0,0.2726321793818508,-1.0,-0.48662778651752436,-0.06683563223697297,4.470876820673432
0.4107122248038232,-0.29602528089972147,-0.622055389172824,-0.5856950630908075,-1.0,-1.0,3.758479885987092
-0.7426170622135841,-1.0,-0.39788986836293666,-0.4418112616016021,1.0,-0.46172120262594585,1.9716625119186408
0.2710324434316862,0.03093556334526293,-0.6604908993247769,-0.5399736776963647,0.06727149632149776,1.0,4.596920330459226
-0.17398456542832919,1.0,0.2802122269525207,1.0,0.01790165682467859,0.8663755489560188,-0.08186362647746392
-0.9138034864932106,-1.0,-1.0,-0.06202685584460421,1.0,-0.5432131930764968,-3.077837876917045
0.6624259756669298,1.0,1.0,0.3170823568508764,0.8587238947055821,1.0,-5.263982943888437
-0.9826250534377373,0.6267869499835038,-0.16440338845456637,-1.0,-0.9775932713987794,0.025976236457582458,0.2482651513089061
0.49366954012245035,-0.005486059712393493,-0.5792712622571365,-1.0,1.0,0.19209822659854492,-0.23868011434858025
1.0,-0.8303177181711627,-0.9855131278037478,1.0,0.9215120821748278,1.0,0.6197407560648307
-1.0,-0.536875215199724,0.4136156457149192,-0.6898735553434896,0.2738948765429767,1.0,-0.6003703721471783
0.7364823879238307,1.0,1.0,0.49714409843932983,1.0,-1.0,-3.393335588095596
1.0,0.9759707497147947,0.5042250165770629,0.8644019483585679,-0.9955579374656782,-0.49790605920622794,5.8877086079651395
-0.8847878102639557,-1.0,0.5617222355898782,-0.791390360603758,-1.0,-1.0,5.192381171854313
-0.34099722445672676,-1.0,-1.0,-1.0,0.600647447952187,0.11087040391158984,-5.319794855590292
0.5337268242352442,-0.0877355708047001,0.8276117849560303,0.7397429702794364,-1.0,-1.0,4.819617175251027
-0.25904575328647717,-1.0,0.5572266831765336,-0.05973478831515916,-0.23091529491564544,0.34442116850730253,0.6302675857783547
1.0,0.5094166820824779,0.33189852703441414,0.17623407071197916,-0.7138199824556344,0.523205859567649,1.672301337894111
-1.0,0.5731861836292506,-0.6813010919763757,0.2885870681592886,1.0,0.5146452079437023,3.936494504294499
-0.4330315159693146,-1.0,-0.9824731867604277,0.018015780019418726,-1.0,0.23190840627361844,-3.6494227919424564
-0.0006578552595566944,0.6047452897076099,0.9027163224249095,0.8497170937484569,1.0,1.0,-0.08020574882141507
0.583687662382054,0.2847184167556793,0.7921054635795095,-1.0,0.2839276672608259,0.5485334276674658,-0.8982853961796836
-0.8873634519769555,-1.0,0.10314902393333181,-0.6818188104237841,0.06684760037597481,0.7759219535377044,-2.1654245756634136
1.0,0.39737862023104176,1.0,0.27741865302586965,0.8021797109493634,-0.12583772674169091,-3.0446998845111612
0.3844688725176087,0.05232326586047666,0.3112421208716234,1.0,-0.9586923194655572,0.430651844408496,2.1678291320036904
0.5670809474024133,-1.0,-0.23570470784259168,-1.0,1.0,0.046645317832275254,-0.12927718355771034
0.08973173669846657,1.0,0.4690735852641932,-0.041954254404150904,0.31716320182847235,0.37510500218439347,-0.67923638003509
0.8265783657305144,1.0,-1.0,0.8835106538837791,-0.659931700803063,0.05866866674591607,5.457865753189401
1.0,-1.0,-0.6625968141263816,-0.332865783233676,0.6010056264632075,1.0,-1.9906130476763582
-0.4467182748365135,-1.0,-1.0,-1.0,-0.6634369347655606,-0.24512560382643528,-0.896948858365366
1.0,1.0,-0.5788400672525023,0.301077822042632,-1.0,-0.6033046174952197,5.281790387654102
-0.9183164688308061,-1.0,-1.0,-0.3859976755681559,1.0,1.0,2.3661739198560694
1.0,0.14262265958668108,-0.6840578344096974,0.19358451679126798,1.0,-0.3847335456897589,-2.65294585446629
1.0,0.44755218821073406,0.315532574580496,1.0,-0.7103275358565342,-1.0,8.388106699083048
-0.8678544680657659,-0.6539304391799272,-1.0,-0.5789813817389908,1.0,0.0007058544839757541,-3.5469759707675506
-0.9622586876193598,-1.0,-0.5881449149484321,0.4182071284580491,0.45248061311217547,1.0,3.6393265049855485
1.0,0.42630817837689206,0.860617046503255,1.0,0.9667238061724412,0.1285907044545731,-5.076644809812965
-1.0,-1.0,-0.4818145308037367,-0.625187196804776,-0.6508735719784894,0.7472950856814153,-3.5962902150237577
-1.0,-0.8561192414515493,-1.0,-1.0,-0.7156009570821985,-1.0,3.7390573341304107
0.4424926643539808,1.0,1.0,1.0,1.0,0.24409523627527197,-7.647203040729697
-1.0,-1.0,-0.8602242022510675,0.32703844932263,1.0,1.0,4.822611791122338
-1.0,-1.0,-0.9469605382525945,-1.0,0.2310118813696045,1.0,-1.918282218055393
0.49528228883632,0.4666473810679803,-1.0,-0.2626315076492538,-1.0,-0.40047276962573264,0.16191335268664958
-0.6657844396402188,-0.09676557504340422,-1.0,-1.0,0.3758548804970736,0.9402148528086443,5.079861976924085
0.6111536513187635,0.8547530221989402,0.29756379474744965,-0.18039529692258188,0.7766556224407641,-0.07570720305975281,-1.081731059943548
-0.04104052884846632,-0.6385545527729701,0.028699898222543152,-1.0,-1.0,-0.9187047707940301,6.282386645777561
-1.0,-0.05874848179805403,-0.031957044965644985,-1.0,-1.0,0.2115939079176236,-1.192407983766632
-0.41445987595159123,0.08978309580483873,0.5038526823493416,0.30091093390005674,1.0,1.0,3.9409308410848034
-0.34490266860938923,-1.0,-0.16552945454119827,-0.016009231692069026,0.42510138249877627,-0.2961916626294224,0.4373670394527376
-0.5529018534214121,0.2830447520147521,0.7356787768239574,0.7181619842492579,1.0,1.0,2.5479019632515505
-0.8344530129557722,-1.0,-1.0,0.4938900587304505,-0.18796355540486331,0.41722708924246527,-3.646136654911939
-0.24623154323361662,-1.0,-1.0,-1.0,-1.0,-0.4841426539176523,1.5290919279283715
0.2260780580850068,-1.0,-0.4564780309046691,-0.6147174009094853,0.3544235796530344,-1.0,3.3429705604817297
1.0,1.0,0.20852327721288727,0.5550657977248219,1.0,-0.2344176904391777,-2.652301917142696
0.5534395017806695,-0.4178517217021184,0.8635640614708712,-0.7523734060116929,0.21911613962042442,-0.7314404906131408,1.5077864521898878
0.8447073977242625,0.06163499441799103,0.0007285025299810233,0.7118385895983148,0.8736530626440062,0.6114898199807368,-1.319516011596253
0.25967268430939305,-0.0858260747206343,-0.737308942032809,0.6923355378380174,-0.8273666144704319,-0.6835453230515377,1.1416612014594052
1.0,-0.5138816614853037,-0.4110916801237316,0.7400527800443939,0.34146630979957615,1.0,2.1905370597560485
0.6595429235997718,0.7064397990912885,0.8066832415350704,-0.4230120059494263,-0.03133549791839907,-0.43581275686206955,0.05115358854348151
0.18479555464750586,0.7304790303037392,1.0,0.783499873308516,0.7878055046655535,-0.4334485100461942,-2.043966517115774
-0.23420484852815684,0.7211102695246636,0.9448286293638791,-0.09439970478729587,-0.6487197450939287,-1.0,0.13044119931080866
1.0,0.934195501170914,0.32075351757935844,0.8265231458081304,-0.728319524250498,-0.17041785397104603,3.2437676782715315
-0.3215074116108204,-0.05438683017307122,-0.243335756908525,-0.3694529232384732,-1.0,-0.25688670230560895,0.12932415251077345
0.3089530758715743,-0.108415989206959,-0.02245507176029815,0.16727092053369602,0.027809101419409732,0.3299571524447388,-0.7305308321292798
-0.8514701693898038,-0.3276981136865572,-0.8751135071398413,-0.9306047822443952,-0.590965311002436,-0.7545904051683243,0.7773057970267824
1.0,0.8459684504778036,-0.23379869630564393,0.03760644411645642,-1.0,0.8415829514636932,6.346973864299796
0.40685854807848854,-0.15783036322331945,0.7718085670396061,0.7885757113044389,-0.26851222610463843,-0.5845611297562452,2.5998562050658247
1.0,0.7975273004767816,1.0,0.20056552121985666,-0.7955865946896106,-0.4675334198166745,3.910086857308927
0.6760072193548221,1.0,-0.20598006345015724,0.9073053436382101,-1.0,-0.32177606024110694,5.935880333228546
0.774736990046838,0.9310911250211533,0.16237775648064567,0.4765631258806302,-0.2895142748026207,-1.0,3.8289798090482545
0.24515085911910772,-1.0,-0.7417486803126917,0.06935481046766623,-0.7258738012040411,-0.2269323224185963,-0.1801152731614859
-0.5620441631412925,0.5946657362172092,-0.4622903262888389,-0.6943344017263342,-1.0,0.005305984751383552,-0.25311547363449727
-0.49948263073817856,-1.0,-0.13542949244741798,-1.0,-0.7482210206989017,0.6606941938340232,0.8923827752221996
0.26743498324046655,-1.0,-0.3530227248557719,-0.4042105830856535,-0.7254202423660632,-1.0,3.503511177192384
0.12860760157237078,0.4619273260631588,-0.9943177940923005,0.9067743046334511,-0.38802012041097156,0.28111951473693103,0.2730472294287094
0.5808301604954822,-0.30058665454794664,0.16558696283368785,-0.2385129440471349,-1.0,-0.17239589117864454,3.1809375963353634
-1.0,-1.0,-0.853791915294162,-0.35892937622581167,1.0,1.0,3.767212386198824
-1.0,-1.0,-1.0,-0.8713631574477889,0.3539849464631667,-0.15698477025016078,-6.276211243821436
0.36928802040531644,1.0,0.05535419714794931,1.0,-0.5660066190172932,-0.42144779289598006,3.1583292976987005
0.5835771533726262,1.0,0.9329600209592674,0.5426583021422071,0.30049073945087923,-1.0,-1.1254100738760082
0.4048090045643157,1.0,0.3530168215162368,1.0,-0.4382183489027135,0.29375655760704106,1.319961081127802
-0.40781221198582235,-0.28691549416271,-0.26229604187130445,-0.2864514385127004,-1.0,-1.0,0.5064026409344683
0.2115577675411966,-0.00018906847952426808,-0.1007605084001123,0.025718521975608588,0.22268352171087546,0.574757220770539,0.25869575791354227
0.48146439030507737,-0.6671552164950134,0.0343085713921496,-0.3585946206953135,-1.0,-1.0,5.443072091520177
1.0,0.11639930159483503,0.3734353160405025,-0.30829660349242477,-0.3927680197406386,-0.9750100200636014,6.509839349820367
-0.42647476020198394,-0.17142718862177703,0.49896027647011604,0.4415769422229145,-1.0,-0.32590514472983667,-0.9904736767365125
0.38866841458408147,-0.9541729972263715,-0.6693832276988588,-1.0,0.6423120190945142,-0.0021640919524070767,-3.3688793404635393
-1.0,-0.3259779850005933,-0.3246305269741947,-0.9875598300096784,0.603143859078702,0.9415999068850474,2.3255273960500475
0.548298566309889,1.0,-0.5394936241220387,-0.08121673567485044,0.10251669116223244,-0.1608225007350258,0.7535941578793321
0.2527803712436325,-0.37762348771519355,1.0,0.8382390059761633,-0.20353480666000848,-0.05409844519121913,-1.515382259967005
-0.5812893382776345,-0.544051334447455,0.7478267721878025,0.08093505852715127,0.0364340433525816,0.21588428976164842,0.2216927448847218
0.4125413274336639,0.3781093676337084,-0.0042341903881911724,1.0,-0.958087354510734,-1.0,6.138059123666563
0.15397956471400864,0.13345666176063142,0.8987025735676315,-0.08788563873087074,-0.9954533060901859,1.0,-0.22603723624192207
-1.0,-1.0,-1.0,-1.0,0.22444581183183643,-0.4298261944501305,-4.76054425392506
0.9812992906590535,0.276725898987473,0.13184872815115178,-0.1557272981760624,-0.7992040292900472,0.07626967232655196,2.182991493290632
-1.0,-1.0,-0.680811174929821,-0.7439621123951112,-1.0,-0.38264360524581253,-0.9704160171562559
0.08376787764821736,0.867811403409454,0.22763806503767237,1.0,-0.8623811648973072,1.0,3.5384499353434524
-0.3052001081593235,-1.0,-1.0,-1.0,0.122793419705716,-0.6377552268733561,-2.1852036085241062
-0.405370163913317,0.001289531268777122,-0.8608556034950579,0.4294081526447239,0.29004258447712683,-0.2431501809747889,-0.41293038582410846
-0.5732676844417954,-1.0,-0.9109293868018342,0.09123993764707972,-0.9911805643345012,-0.9944851060207467,-0.3112824005661601
1.0,0.8771189198967244,1.0,1.0,0.44875462174156155,1.0,-7.310537269060238
-0.04025782364694663,0.9283646278958466,1.0,0.6507335035587959,-0.01217285712842503,-0.10516355354343937,-1.8136943793684828
1.0,0.8586940850205471,0.003630722246266649,0.21132182388063803,-1.0,-1.0,5.674380140196271
-1.0,0.09891504455003997,-0.8378741364939553,-1.0,-1.0,-1.0,0.377182539339459
0.037722552758381434,0.12115640279913353,0.20604498400640625,-0.004538505647384672,1.0,-0.09625148387556365,-0.12252769373826854
-0.22630104229363834,-1.0,-1.0,-0.9451715271205627,-1.0,-1.0,6.321339703195302
-0.2661285851056039,-1.0,-1.0,0.09863122217598486,0.5644963891680154,-0.626303221104511,-0.7146964958549192
1.0,1.0,1.0,1.0,-0.5908547148461445,0.42149824798207647,-0.30596350819377127
0.4841178475500423,0.48124808413752074,-0.7692027626451672,0.3764281867175844,0.02381125314119753,-1.0,2.517957990465934
0.6193303262058432,1.0,0.6043179066408786,1.0,1.0,1.0,-2.8768807158457914
-0.35144550446589284,-0.6262927690137637,-0.24097026213693218,0.654517827600663,0.20668673850016206,1.0,4.139048069006983
0.11878185199352043,1.0,1.0,0.5240944124860294,-0.2486074275699538,-1.0,0.7274654833006996
-0.7320589602887647,-0.24525436699308634,-1.0,-0.2247704049599092,-1.0,0.1645518513214146,-2.4841368394685053
0.09921229322032005,-0.0778323009299513,-1.0,-0.4104011061532049,1.0,0.39422666570577714,-0.7616239949033796
-0.31350246307003826,0.2699158099604059,1.0,1.0,0.8407569058212145,1.0,-0.9187149640232002
-1.0,-0.19635642076377535,-0.8229433266935928,-1.0,0.34005356869592585,-0.754462035436879,3.3890631381256187
-1.0,0.4345666393922085,-0.7082018355006915,-0.04781934707004948,1.0,1.0,10.410781884920556
1.0,1.0,0.8236301881325141,0.5853309760304424,-1.0,-1.0,6.737086045489342
-1.0,-1.0,-0.06585243916668171,-0.7993650258611971,0.3136703434003901,-0.33414972321165526,1.0757209735364581
0.2338425461088357,-0.28842087718156634,-0.7317605556448782,1.0,0.40437958036731114,1.0,5.0931634990485675
-0.3068312812207008,-0.6596992759306897,-0.3493702285907361,-0.44563484127270714,-0.7418785519351088,-0.07637471587747563,-0.2619699352824408
0.13438013357929168,-1.0,-1.0,-1.0,0.652825638950872,-0.03302867797150644,-5.535703389032922
0.0011422153382521574,0.3991557055070914,-0.985339138310942,-0.625947121003708,1.0,1.0,8.535373533557722
-1.0,-1.0,-1.0,-1.0,-0.9421809989709724,1.0,2.186106445498182
-0.1361324521169862,-0.5905482339999859,-1.0,-0.08072599289546312,1.0,0.5119511709855915,0.5817575337724223
-0.3668183242413779,0.2008524864406951,-0.3882529664451044,-1.0,1.0,-0.8825899007758484,4.11618648132181
-0.24111931462438063,0.5083378253739927,1.0,1.0,-1.0,-1.0,0.8730726658492249
0.06253525764043696,1.0,1.0,0.6132210069370625,-0.43285274972063137,-1.0,0.04105071442067257
-0.9265344931160733,-0.4369311862629037,-0.9540469714999907,-0.45967126820397897,-0.7845716790772678,-0.026245660429513706,-1.449291501296048
1.0,1.0,1.0,1.0,1.0,-0.5730325998601887,-6.478094375190773
1.0,0.4285873977947878,0.8154189674935686,1.0,0.7129909264963913,0.6106682210754995,-4.66190511567914
0.8454961773144112,-0.5015835299188528,0.17347266963141195,0.3745662572545305,0.38104820357992386,1.0,0.808643236084654
-1.0,-1.0,-0.7594812959087207,-0.0819410949308772,-0.1927080937741289,0.6539080004129445,-1.6263912410336372
-0.4722795274349233,-0.6515088327543742,-0.2480248024921111,0.5351458370697803,0.8222864926978505,-1.0,2.9030680541553044
1.0,-0.6507060968308951,0.8936917529174857,0.3177421417929793,-1.0,-1.0,10.197982534914729
1.0,0.9298110051384215,1.0,1.0,0.13968360897607796,-0.08811019559384226,-1.6447286295856864
-0.5725023151461944,0.37940168401329455,-0.996422440925281,-0.3108918317542173,-1.0,-0.7365531174261838,-2.032324352225701
1.0,-0.0039725562148472116,0.7067965921904156,-1.0,1.0,1.0,-2.4809519277530647
1.0,1.0,0.4050584088145136,0.8426558333977988,-0.9514404414465356,0.018845614618705625,3.436165698937448
0.1368731683475315,0.7467102069014016,0.6252684362134877,1.0,-0.640194559011993,0.713359554142299,-0.005119397338474108
1.0,-0.10702998497043736,0.2808009865591137,-0.23718669268354542,-0.9177813143492562,-1.0,7.532471472156639
1.0,1.0,1.0,1.0,0.8087311427549797,-0.16949171890200732,-5.891169114638278
-0.9109864317201244,-0.5679909310966123,0.8561555529671381,-0.27005586611902943,-0.5908608282932855,-1.0,1.995823583964662
0.29842952829662694,0.03315703615080412,1.0,1.0,-0.1483415345513247,-0.5482651129995177,0.8226350711914587
0.4802065797757863,0.876433350611312,-0.6865475695280077,1.0,0.3551146296835499,-0.1148216372052846,0.30219428993320946
0.9788074615228544,1.0,1.0,-1.0,0.5377309486373447,0.3927305543954957,-2.602970720812777
0.6349365973966903,1.0,0.1874542541465951,1.0,-1.0,-1.0,9.226467301260938
0.7554831601308999,0.8318089409754812,0.7863949530332127,0.39185459116930366,-0.625834018870562,-1.0,4.641376486197202
0.8187082573519006,0.2856763624302898,1.0,0.47421521362393815,-0.25432152140505193,-0.034096132591025174,1.9667976630251367
-0.5581174332965567,-0.6305919115983601,-1.0,-1.0,-0.5568671216294722,-0.5461084139283527,-0.31992913389303756
1.0,0.29475356941340003,0.7250171609377749,0.39898964307430873,-0.8610722167529662,-0.32309854770391055,3.8010115941260265
0.1856897425190479,-0.3372240247756887,0.046063688061936836,0.186829665182785,-0.46351773895061527,-0.6388180412353497,1.4722083688014131
0.032456066451603593,0.5637128281402508,1.0,1.0,-0.8775935041149467,-0.9405901528639224,1.2527883108079945
-1.0,-0.8783871077756872,0.09011705472908377,0.9037625951045748,-1.0,1.0,1.1281174872091415
-1.0,-0.6085243726402214,-1.0,-0.13636795425003645,-0.05856136105335652,-0.9507473575419819,5.076581189375471
-1.0,0.5870690566309016,-0.4412866916304657,-0.7987472305647703,-0.9950472110728166,-0.18288082662626448,-0.5023400948149591
0.2449681466889565,-0.4936256806351666,0.31613876267689583,-0.3329796718980656,1.0,0.16256945365734587,-0.43274241816685427
-1.0,-1.0,-1.0,-0.2322131641009213,-0.01713173611545271,1.0,1.8867684649836773
1.0,0.503231926147162,0.44482944333339786,0.5247884815791135,-0.10119264680395368,0.6822659527229138,0.34267145060811166
-0.5895398082355353,-0.06559972065337077,-0.8087719967924422,-0.4535513518690336,1.0,1.0,8.011641882132517
0.9260123431906674,-0.33470592560366796,-0.21407562784944834,-0.540501815417038,-0.9513020155087041,0.37200478795027836,4.726844927441084
-1.0,0.5346449327362889,-1.0,0.7711247169664243,0.9061088732375889,-0.24977902427351437,-1.1247420394587344
1.0,0.9029582165006924,1.0,1.0,-0.07168876076199349,0.04499302697558204,-1.8898317591882519
0.1312125700275173,1.0,1.0,1.0,0.07212367617926507,-1.0,-0.5451377566902433
-1.0,-1.0,0.4004727525859002,-0.4143415418002663,-0.8917280525959523,-1.0,3.1807873590088223
0.6188069461639523,-0.15504161070060118,-1.0,-1.0,-1.0,-0.2997190638570925,3.1263938704913525
0.5293756367290945,0.9875968720578063,-0.749393906026925,0.12615308323587826,0.864299992925321,-0.6663977084109312,-0.3486183353691196
-0.27744896816214115,-0.9487613560528662,-0.2995028378023673,0.04036783115952436,-1.0,-0.4695986263938894,-0.6463965437888756
-0.08257637569655824,0.7508039194163546,0.97089316767662,0.14361416948572953,-1.0,-0.1078887876230554,-2.623373606577474
-0.3886399639010033,-1.0,0.5205150642267589,-0.7627940676996435,0.8637329895532468,-1.0,7.868330228983144
1.0,0.08313478850286027,-0.4305775470469447,0.8616932567477988,1.0,1.0,0.5765160088276081
0.4888718541159124,0.07155430263288554,0.8768897084061944,0.8687917661341406,-1.0,0.14593427742062126,0.42430083112262285
0.02678399215418642,0.8984259367332581,0.5686440533265206,0.05353891350112994,-1.0,-0.41273102275655926,-0.7299406045762356
0.1729201133672803,-0.5200076743585398,0.6879967578096727,-0.9512502415343211,-0.33057230939141213,-1.0,5.756744942510795
1.0,0.9445736988186078,0.5887985015953776,1.0,-0.5073545288414217,0.47983883924489146,1.7813556739654632
0.870988734138286,1.0,1.0,0.6531127500399441,0.4871336672997162,1.0,-6.764512766676241
0.8559338687512059,0.9310938859391711,1.0,1.0,1.0,0.25327813080245165,-8.32551566069157
0.5782145691186547,-0.5658613146235489,-0.028629585297215154,-0.791574925943209,0.6353505124917388,0.13425896425176975,-0.3951775393160777
-0.9567160885191479,-1.0,-0.4788447067357364,-0.8376866695650234,1.0,1.0,2.0950578781326334
0.05333112722141087,-1.0,0.43741563587572607,-1.0,-1.0,-1.0,11.177587221969869
-0.8490338736364349,-0.8988867602447133,0.35417114405929945,0.10620385927641285,-0.9663939417109499,-1.0,2.2018576629149162
1.0,1.0,-0.6927896822284212,-0.28996823487693896,-1.0,-0.2037418994818998,5.218099586542426
-0.725631667644465,-1.0,-1.0,-1.0,-0.9181959008049363,0.10050702570071313,-2.5046243084317057
-1.0,-0.5948931911325968,-0.4310121428465168,-1.0,1.0,-0.17093164585756226,2.9195338995383864
0.2782874282481216,0.8954456003767249,-0.9138587670102218,-1.0,1.0,0.6830170793182249,6.657194590309633
-0.10825607489678668,-0.2389355328001157,-1.0,0.39536200580251524,0.5702325067533949,0.1255652254820524,-0.1359468220960841
-0.9084907540965075,-0.4602073837773868,-0.7689764524077021,-1.0,-1.0,-0.9876043137280947,2.5710251486558855
-0.6422597842318383,-0.8180537141653799,1.0,-0.20049521015333105,-0.2642326679981526,-0.20990329934642116,1.147337875527434
0.7167926924236916,0.15898374952039973,0.9715978259750853,0.7326032818115074,0.28730210707093606,-1.0,1.1595479141110323
-0.536978894878736,-0.2502330782501183,0.17737213425375484,-0.8186781080780843,-1.0,-0.6517475202286465,1.10514344129682
0.8747591200271467,1.0,1.0,1.0,0.9516108153171425,-1.0,-6.16673377985395
-1.0,0.05996707102818566,-0.00011266420863709214,0.00526969764261509,-0.32731200380260317,-1.0,1.8012250970974841
-0.31521812698374346,-0.10682509116879008,-0.999804696483054,-1.0,-1.0,0.7033129999450871,2.7188998440664864
-1.0,-1.0,-1.0,-1.0,0.9387281186920885,-0.6131834528682336,-4.494143081468997
-0.673751480479315,-0.14742101496416082,1.0,-0.14577067026922458,0.5077983404167724,0.4554411140821081,-1.5214426675772783
-0.10007479463468383,-0.3024823672304817,1.0,1.0,-0.5358962227914809,0.3500754505178839,-1.8624968622052473
0.680448231124545,0.1480723282447054,1.0,0.005048449588956672,-1.0,0.498510552677663,1.8113313716860664
-0.9576257540026927,-1.0,-0.40973055104593215,-0.384866699049136,-0.5159441232257773,-1.0,3.313658422592478
-1.0,0.4971602887267144,0.41171057347675977,0.731863114570523,0.0008478093277815013,1.0,-0.3916500984740685
-0.44331468354611414,-0.7495801536327797,-1.0,-0.8993922689829175,-1.0,0.8087642984314789,3.212587173926768
1.0,0.3105456266091877,1.0,1.0,-0.26219477465779517,-0.2658914928580435,1.8561052818367314
-0.27270323016581943,-1.0,-0.973245882488528,-0.6948107215258175,-1.0,-0.7124571678737837,1.4581764286321215
1.0,0.05458239207785742,0.6593912111513756,0.6162495286612288,-1.0,0.7392470515425986,4.1484712252627425
1.0,1.0,-0.2128091956218847,1.0,-0.6473176048456298,-0.6059414548348317,6.980667145259448
0.18901654148360048,0.7881993088441783,1.0,0.03551208122405902,-0.08932707816984808,-0.030327663380896985,-1.2081515935475846
0.18051522816651044,1.0,0.7148456492233228,-0.6591300138074269,-0.7572779897173458,0.17878335286456132,-0.4569006816590994
1.0,-0.5337650442350348,-0.697764281797911,0.8898082353245693,1.0,1.0,0.39244720775466047
-0.17563885102326404,0.008782468786930842,-1.0,-0.39358085550201405,-0.490359455085429,-1.0,3.0995535896957653
0.49928081912112177,0.5370097865123618,1.0,1.0,0.8435286100194543,1.0,-3.4628252710667162
0.46374220839887714,-0.09099708095594505,0.187264947441517,1.0,-0.26008091700950964,-1.0,5.177307321101388
-0.4108653080143974,-0.6038938201253053,0.6150367887455044,-0.661412976157351,-0.9166394957863886,0.08830156946855422,-0.3355347078524539
-1.0,0.6417040246718145,0.0008443826271149479,-1.0,0.8005184378869328,-0.08950424592243789,3.2906874261628496
0.4219704847040723,1.0,1.0,1.0,-0.7056355635018261,0.5896213797561362,-2.662702698699416
-1.0,-1.0,-1.0,-0.44628301116694713,0.357001544763783,1.0,1.1660074644941696
0.5261977632794144,-1.0,-1.0,-1.0,0.39921756704182243,0.055465767476694294,-3.2785640956316544
-0.9368048756910619,-1.0,-1.0,-1.0,0.47667004814097025,-0.09816642951662202,-7.6509036404463
-0.5722449578481607,-1.0,-0.449994088032013,-1.0,1.0,1.0,1.268691691883566
0.28960806223497426,1.0,-0.883454636559225,-0.5995000823539869,0.5047469381943106,-0.5536094955199121,-0.1633018400323436
-0.5804604278175954,0.8389456303125418,-1.0,-0.6378423504802032,1.0,0.7347781844726825,8.089538542015047
-1.0,0.674419109962552,-0.7465138707717612,0.46649832930447405,0.06736597276830644,0.3960050058132388,0.6118820698471547
0.15750712855484644,-0.24725755967793467,-1.0,-0.6728804887055415,-1.0,-0.5451992775692367,1.101481227252576
1.0,-1.0,-0.5827766518712628,0.3757293393104256,0.8359762192034805,1.0,-0.7798267696617318
-0.7359592655654849,0.4880788075337845,-1.0,-1.0,-0.15830718156763907,0.09591498994398628,-1.41377291294006
-0.4725256045948403,1.0,0.6343324156853815,-0.21003504227160097,0.5488759353726964,0.8164389264334371,0.856078960554009
-0.4614235071753516,1.0,-0.44504787109570615,0.9518718841968143,0.05098003547722563,-1.0,3.726925047519307
-1.0,-0.4442934458039865,1.0,0.379722042706192,0.37257356542826925,-1.0,3.1609307804030538
-0.9042614070063308,0.1479059083986528,-0.8141466831370091,-0.11266752477604991,0.11597277300061684,1.0,6.41996950404128
-1.0,-0.4387401712267547,-0.9471020684361713,-1.0,0.6203834075926726,0.3452620046992172,-1.2857327988931786
0.07496089489844326,-0.8857298871441501,-0.4696741230085515,-0.22957968056553701,0.9756994281534901,1.0,2.246684014907107
-0.25315357720742626,-0.4269386164841088,-1.0,-0.014253434721053393,0.6939555011281333,0.33054435519856695,0.7642031400031649
1.0,-0.11548822265802389,1.0,1.0,-0.835190876502403,-0.9593917691648901,7.451284492806044
0.10322377783524483,1.0,1.0,0.38035945316799524,-0.8710884883563107,0.15806595296059978,-1.872297808247322
0.4638573248684763,0.2142826469171839,1.0,0.6939229249523831,-0.2470005502503445,-0.37577168169066333,0.3721582891734087
0.508736790093574,1.0,1.0,0.09235308239043105,-1.0,-0.04142417302944139,-0.9157327857581665
1.0,-0.7662376088351883,0.3677083642854808,-1.0,-0.44935720291721704,1.0,4.589945833503669
-0.594394686219764,0.25614195620235364,0.4227794835425368,-0.021446705973809932,0.5406532449246404,0.4853167460061206,0.4884604227469663
0.8715350067822134,-0.08724348936950177,0.568680392370958,1.0,-1.0,-1.0,8.676959075293466
0.8448160499819496,1.0,0.41981922759240803,0.31948495523723286,-1.0,1.0,6.132563270291002
-0.6513301729163454,-0.443576252077307,0.2570306283345461,-0.12716842091961406,-0.26211622691535386,-1.0,3.3248729892340134
0.46072876179342703,-0.2106011095471236,-1.0,1.0,-1.0,-0.4507076484793622,0.06816306622497628
0.45845795223087643,0.07618102701616136,1.0,0.022979734094975057,0.16665341633021524,-0.8355734372661655,1.566610216827131
0.22071777053396846,0.44663486065143815,0.5199785211084238,0.5725243665969764,-0.5634810042593767,-0.022748165848497925,-0.2093387154397358
1.0,0.9807177331021653,1.0,1.0,1.0,-0.15744986983498127,-7.278755924548889
0.07257446814191115,0.6262920388716122,-1.0,-0.28931535955848753,1.0,1.0,10.544490362313809
1.0,0.9126824074259773,0.9953198880664095,-0.22284473156888734,1.0,0.29700996159428095,-4.334635719599746
-0.26210941309621894,-1.0,-0.5858751443661803,-1.0,-0.3050222834999996,-0.20366366989241658,-1.0762536004676775
0.5348810702586557,0.8609053094576844,0.9021686419407048,1.0,0.535567434124164,-1.0,-1.5106870678945903
0.7242889103434449,-0.6833118188869438,0.1171249030797295,-0.1655976996725717,0.314154619730108,-0.26667254377612537,-0.7722416171768706
0.22226211470296664,0.8168500522073212,0.7401187513699936,0.06801664841168353,0.02627543524792883,-0.6259281653339741,-0.35239574326492296
0.9531007241817571,0.4085746402128414,0.02119337623195569,0.3512199285268299,-0.941991552590485,-1.0,5.654104413678093
0.5231507092725898,0.275423271856908,0.9931769868237068,0.9124931856111789,-0.5451899262435906,-1.0,3.3324768435457566
0.7213957432508096,0.8514490761619417,0.8713910009080896,0.02322480264801008,0.10402716240187504,-1.0,1.675020782237847
-0.5081042392115984,-0.07694987950620735,-1.0,-1.0,1.0,0.4862411060768089,1.980969515789367
0.7014990155048082,0.4720216939110533,0.8907196523292285,0.37109575942641315,-0.4674651201786792,-0.1603230966161247,0.43738749730467363
0.6986821599571756,0.4548569711578115,-0.14137281087116538,-0.44019294099313755,0.5035832914233427,0.18906429518942652,-0.2797499543604698
0.022614401417646923,1.0,0.05324730963914648,0.7899442693090768,0.5326261138375366,-0.1765425723694265,-0.3189377597592256
0.05760868249431472,0.18419389943147702,-0.8210432461232335,-0.06799815012537802,1.0,-0.9347851568266504,0.2345328502934733
0.3435724916044287,1.0,0.39444883718433643,0.8230962262573425,0.3842779115262436,0.9444906690209807,0.2461657615810975
-0.6449634802179122,-0.07678950193698376,-0.8918493612306188,0.0481875006886377,0.5724407663271476,1.0,7.493205401665492
0.6029487878609954,-0.11145118450284477,0.7781688497397807,0.304723133962613,-0.1952509759986053,1.0,0.11127840495032265
-1.0,-0.5757867477944996,-1.0,-0.10565470361104379,-1.0,0.5148910718260005,-3.941109630777305
-0.5624956603835505,-0.27579947808665606,-0.16158464687883045,-0.5189027758049938,0.49400421800364697,-0.4217613621099787,2.048919165736626
-0.06467507122597321,-0.34873035812746894,-0.43974660377906166,0.29337475866925716,-1.0,-0.595947893072011,-0.6086084033641059
0.019053528351990368,0.9277403487184019,1.0,0.46445815691221504,0.8109818853815789,0.6483153841112275,-3.1470210103884635
1.0,0.5977764746264284,0.6278492640998605,1.0,-0.638110943019591,-0.707833636728418,6.4492621391037455
0.2290864128407255,1.0,0.49768430840057,0.9551328545683033,0.04486645384218191,0.6047990340314264,-2.0721277333552544
0.06185752021392682,-0.8181774679188999,-0.8739700757357536,-0.2359259667560926,-0.9880056451982964,-0.25682702423982817,0.3750725357240322
0.6351850651510903,-0.11551812751712401,-0.34237572089799484,0.14583959522261253,1.0,-0.5171995938398382,-1.7745522295855938
-0.9953097519010392,-1.0,-1.0,-0.47312938950857575,-1.0,-1.0,0.7769562510008566
1.0,1.0,0.673915482634114,1.0,1.0,0.5154038951941501,-6.215563991034589
-1.0,-0.7791630899751694,-1.0,-0.31137907763733885,-0.8734257621234767,0.86352055739717,-0.5771677595889778
-0.6582677186530558,0.4374082132797762,0.5606237850147777,0.8456945987604254,1.0,0.152544081323708,0.1819501837596741
0.19405475373783876,-0.8138864217835684,0.7165176394138495,-1.0,1.0,1.0,-2.6850162370216015
-1.0,-0.48797752289758756,-0.7182639633380117,-0.9904173005659967,0.5590020588975227,0.5263107286996581,0.2766947525308153
-1.0,-0.6168911146734448,-1.0,-0.48195842692884483,0.8800992420525323,-0.10629080265444799,-3.255888830071807
-0.8784961448933248,-0.2685749263443501,-1.0,0.38717382689638075,-0.5947312983620425,0.05571970628091499,-2.83308505032639
-1.0,-1.0,-0.8829488441617677,-0.6812019915947429,-0.26532521686800736,-0.8806651555729809,1.582770549421029
-0.1340458113222489,-0.42288386502442266,-0.18857014107295056,-1.0,0.45617817448350295,-0.4971690260106572,0.9095939402656463
-1.0,-1.0,-1.0,-0.20948124150176306,1.0,1.0,3.4618428022264394
-0.9241370722569981,-1.0,-1.0,-1.0,-0.48630827261557463,0.7372983363324527,-4.609339736085637
-0.08624176748548729,-0.23475512307897656,-0.7568878901136749,0.16002409664706752,-1.0,-1.0,1.5568198323279607
1.0,0.4900901537828928,0.8133874795280809,0.7505090013457258,-0.14123686018086334,0.6587426071861597,-1.2198562170434353
0.6556157462861003,1.0,0.37500673981613664,0.13338598441785177,0.9421746174164922,-0.34727301569428026,-3.0850498489255633
-0.5907614046824556,-0.5942685489791256,-0.4955116476598225,1.0,-0.09450279738908307,-1.0,2.544499012434489
0.6286857438679894,-1.0,-0.20865554634218086,-0.9409428691952737,0.08057315472540852,1.0,-0.7550991359957131
-0.1915353306900366,-0.5749146468042499,-1.0,-1.0,0.580084238121402,1.0,3.2407069591741378
0.5289061311057481,0.8878238718330833,1.0,0.2858654143685453,0.9006956826100809,1.0,-3.5390034160706354
-0.31922537111391064,0.6954501156085209,-1.0,-0.027614169362337945,-0.4477073983535503,0.9064869713756175,7.741259390279989
0.5674234476576303,1.0,-0.6547352063514051,1.0,0.537802602639112,0.09622131322297645,0.10094501951792278
1.0,0.6515227088748952,0.0411512568702711,0.2161552899645266,-0.4221954940465255,0.495872512726911,1.492260580273804
-0.6791696068162856,0.8018765808310786,-0.778286076311028,1.0,0.2119993681796395,0.8160586827507118,3.1116823574774326
0.2605665380357688,0.3961279370715214,-1.0,-0.544903721704947,-0.10072505052757896,-1.0,1.5896522550505887
-0.45129416703693265,1.0,0.5994763928309521,-0.21717946746684724,-1.0,-0.08848680751897486,-2.714409426083358
-0.5499981391950897,-0.6545325291115419,0.5299253928808176,-0.03815999117137677,-0.22725317549668422,0.1064390827062654,-0.8714632079264798
-1.0,0.3505760226083272,-0.44215249982930205,-0.04713907379293668,0.13592725129834082,0.40232426518873543,1.738242539031637
-0.8287357980388237,0.3602711661388289,-0.1612513344411785,1.0,1.0,0.6312137700093844,4.642306252195775
0.5558644944416642,0.23986721633107932,-1.0,0.4820548223363722,1.0,-0.23902228641022696,-3.0574822575544283
0.22034402684910903,1.0,0.12181612406736808,1.0,-0.2830324496695166,1.0,2.7095791201464423
1.0,0.6627985382907204,0.9362636251564167,-0.09265853812989533,0.9525994107440208,0.1428394534291647,-3.4154655926495257
1.0,1.0,1.0,0.7812463367003707,1.0,1.0,-9.098648609887311
-0.8414908070020709,0.48519639156197836,0.5633408891504038,-0.03502305650597776,1.0,1.0,4.493635077677465
0.0648838319406431,-0.1078939069988813,0.04939410455016646,-0.24874676288962427,0.35625108072668565,1.0,3.4626895325318996
-0.2358943763516782,-0.710205318010326,-1.0,0.11093716010572274,0.253983063802496,-0.061964105075234754,-0.3771553123231167
1.0,1.0,1.0,1.0,0.13822707479468288,-1.0,1.7465184735974248
1.0,-0.8036630420630111,1.0,0.5560280941699263,0.060160609719602576,0.15607125523958382,1.1627043997392257
1.0,0.5322262800193045,-0.449139915201546,0.23575907741521035,0.5957502164632673,-1.0,0.41256737033368523
-0.20067532478911232,1.0,-0.9790978843645857,0.9984982330212565,0.4414645734521305,1.0,8.905946559997528
1.0,0.6501748229024813,1.0,0.3809420987938721,-1.0,-0.3219086624884262,4.387220316249072
-0.6374384734113606,0.3437339655870592,1.0,0.37188442763999585,-1.0,-0.9177577649033575,-1.0615582560082788
0.5879255580345342,1.0,0.791390688375903,0.1752246430435478,0.29947626007157746,0.09557545002026013,-1.7460853631777233
0.18749311115895617,1.0,0.7666798788539779,-0.6480737422704844,0.47644652700971624,0.5857573652307293,-1.164415809912586
0.5096955910781991,0.9693813986192654,-0.9877273158625803,-0.1463271751352827,0.2520986085668933,0.23973266047494945,1.8076690341721764
0.09133949814788789,0.47338055118272093,1.0,-1.0,-1.0,-0.9052603224934875,-0.3613278367329973
0.25342806628758474,0.41312196447300975,1.0,0.26776387479052444,0.18950173272654514,0.3123008277223558,-1.1460625746352775
-0.6240857136533349,-0.22235269974726696,-0.6336642770446521,-0.8496956354981056,0.19050819193690532,-1.0,3.217072602693129
0.6177567014100417,0.9483347332889587,1.0,-0.12614593226873003,-1.0,-0.45708438156879017,-0.7261097902408733
1.0,0.2559526043303211,0.6339491089782514,0.22344448981142973,-0.606289855069652,-0.08940687658586599,2.0388121127136607
1.0,1.0,0.862667831987916,0.04664796100813562,1.0,-0.12556928285068336,-4.841566430323626
-0.6882838088764638,-0.7238042209322507,-0.7176628929548863,-0.12366185807556129,-0.4883101176852378,0.5562529907848294,-1.096634567221536
-0.10062583865077962,0.09571416103487262,1.0,-0.9619088245511531,-1.0,-0.7520327167336427,-0.22898026236815716
0.5335531722699642,0.9746146849201966,1.0,0.08452661069916256,-0.9558120109957859,0.2054206570496241,-1.6434274205620776
1.0,-0.7359234911626527,-0.00655890969479056,-0.7298289123545197,-0.3503430282647753,-0.6840666110202006,4.708603649969242
-1.0,-1.0,-0.5130700116609136,0.546396933573846,-0.17882416505886445,0.6494871195682637,-1.5125829720812838
0.12651511209451805,0.8645874886581305,-0.62777912458374,0.0011351746995479362,-1.0,-0.7446651243974893,0.36138493809950206
0.20297552815930286,-1.0,-0.7282678723326134,-0.47730061479629776,1.0,0.1855923535836571,-2.76672894575989
0.37326452116995623,-0.2677645381550102,-0.048927406347907265,0.8809921471564126,0.014630682598786304,0.4639881235485335,0.669141108905826
-0.30413380128032985,-1.0,-0.5831052826076439,-1.0,0.06621044206058257,0.10964165594376107,-2.2551915634158015
0.6653868131530523,-0.7984252865357369,0.4856717766346783,-0.9117141498005987,-1.0,-1.0,12.669616532871956
-0.14501730422304143,0.9193272058397803,0.1547537756541545,-0.9292256696827867,1.0,1.0,8.239745909405173
-0.812630099827083,0.20510992386100035,0.14905035293290278,-1.0,0.09117102448124231,0.1381979578686407,-0.49963601397575697
0.6018701602802288,-0.7604714880753134,1.0,-0.7856519376416659,1.0,-0.9453354846449471,2.176996985778565
0.9300644435965318,0.06068790419314821,0.5326362254981911,-0.7655233827116472,-0.10498820950781362,-0.33065500457467045,1.5521412027423829
-0.15126131921517894,0.9378899230524645,-0.4890052021352612,0.3339115704865234,-0.2611756769840534,-0.06703579094937528,1.0838509320774583
0.1984896685869395,-1.0,-0.09510120798390076,0.7608118502178263,-0.16372697853856566,0.0141801360482387,-0.08786173565091424
-0.3775283940238726,0.46572859352171575,-0.43904152437974253,-0.965258531207072,-0.8536430048974011,1.0,6.96028993135286
-0.5742090530950961,0.7240478786439951,-0.31896934041949865,-0.6669669057687784,1.0,1.0,9.06217392757319
-0.13263226239805387,0.2842259991340329,0.07786542202002472,0.5274036588803359,-0.3719968645402767,-0.8909381261030429,1.4596925672484387
1.0,1.0,-0.8780166833593227,-0.39123890050014676,-0.7736922935579834,-0.31778008007958847,3.9943723653142404
1.0,1.0,-0.24772767640253257,0.23180575897960098,-0.5163079415341284,-0.10146881842220423,2.5904765665546945
-0.026894846643646164,-0.8836367837984409,-1.0,-0.23509326449208645,0.4389281915289417,-0.2602065803786094,-1.9050182175029582
-0.23272207733113584,-1.0,1.0,0.2504274923095366,0.40800305405163684,0.6808586504421601,1.6693669850965973
0.3051659073101809,0.8261624109689918,-0.068405636865292,1.0,0.6442564831610933,0.1249711358704545,0.3916556220911166
1.0,0.01097489445351063,0.6658752817125944,0.9671068605009691,0.1079152499157367,0.5947080358006378,0.14160420546696484
-0.08760968450999218,-0.33047456892905336,0.7739675592461985,0.5790947083828051,0.7256158613511596,1.0,2.032463759653255
-0.12091837905499236,-0.04421520003373214,-1.0,-1.0,0.46501855891461574,1.0,5.812006681631472
-0.7461573725557662,0.3626869152542286,-1.0,-0.46665825620498336,0.31470480825565744,-0.1893152719011788,0.6865648203246473
-0.7331635259474136,-0.35544917596631387,-1.0,-0.09760497126043588,1.0,-0.6023295889936502,-0.4225464798461187
-0.33924365296381764,1.0,0.9232941550218674,1.0,-0.6785914115565845,-0.6261999163031251,-1.3989580946011255
1.0,1.0,-0.2062344172195133,0.07879631026797407,-0.01486137184415981,0.0744254223945453,0.39400783623318947
-0.5042447457634225,-0.26991896287892303,1.0,-0.4800110246635594,0.70004693759855,-1.0,2.955911530876257
-0.6216975516250963,0.24020306734717578,0.5198809701327851,0.000689063498899245,-0.280668616995353,0.039551097691857606,-0.6716647190042464
1.0,0.38236106849758056,-0.1815554330984483,0.5720870958706467,1.0,1.0,0.9771317331566605
-1.0,-0.735397673219544,-0.4887330789119415,-1.0,-0.2222081078011306,-0.2039377229549592,-2.6215242998232586
-0.5838864852390677,-0.9896078484947188,1.0,0.9204047508027913,-1.0,-0.7571715052415295,0.5274445730848397
-1.0,-0.21584043863256275,0.5441983615107742,-1.0,0.6789537577839819,0.03683200495859962,1.6681048674909928
1.0,-0.09521489546209583,0.5045905471821284,1.0,-0.20597903011225577,0.511896265412024,0.4611936771910404
-0.8921163087702952,-0.07504324435690246,-0.21001406204094142,-1.0,-0.03392600427960152,0.3417314029226942,0.02766146509645845
0.20751284226042493,0.2465998250408669,0.4654432927961455,0.2834314699272943,-0.13663849581456267,-0.08970617478184872,0.31152879141970885
0.21513637121625245,1.0,0.10903185740864335,0.32853782317297897,0.04898010552302495,-0.7318070887083846,1.063517985746524
-0.12703464270936218,0.6461059044836266,-1.0,-0.24784383798848464,-0.5403344818901537,-0.5347970229510126,0.3616986798573485
1.0,-0.48415063467068453,1.0,0.5680530575643132,-1.0,-0.5560023522679374,6.535828674569951
-1.0,-1.0,0.07165974268869024,-0.43466324596531714,-0.7179231522854378,-0.06426930758660276,-0.09224096720580699
1.0,0.09565302366346229,0.6931949296104929,1.0,1.0,-0.08584447426219444,-3.677379252227851
-0.6738689602645892,-1.0,0.17331490353004703,-1.0,-0.31624230651592355,-0.6605358109031717,4.093228526231292
0.49466384730912794,1.0,0.11701567000529023,0.7890629295076197,-0.9455700019195923,-0.8986259586221736,5.650778696262629
0.6706036168517221,0.6683173347551812,-0.1615201221328143,0.2900502476518872,0.2331333528971406,1.0,2.8328669420408294
-0.1404712703123441,-0.7123166741497873,0.9906616564114535,-1.0,-0.664104654706205,1.0,-0.8135497089089433
0.023247963602765598,-0.4054198342665416,0.5672554339064628,0.0949164602064092,0.2763080613145781,1.0,0.7927023803125803
-0.520702369281314,-1.0,-1.0,-1.0,1.0,-0.008232786627697913,-5.566952470413402
-0.6987996249264179,-0.5091482154139606,0.3201344834263284,-0.8621898874902942,-0.7168889917819081,0.2492625545098515,-0.930675638956287
-0.8047490052038719,-1.0,-1.0,-0.5251159014027255,-0.8334457222284419,-1.0,1.97662875287081
0.6696328263085407,-1.0,1.0,0.707095134748063,1.0,1.0,-2.236055408486693
0.6361547522169413,0.6766969126101182,1.0,-1.0,0.5346286479746198,1.0,-2.8595879417687877
-0.46784270022547236,-0.04463838373310869,0.22466961990663858,1.0,-0.2870341942377475,0.5203693393678761,1.114495703125181
0.7851825205626172,-0.3081324622646188,0.10120209226945864,-0.5033708078282513,0.06639305266979934,0.4095350034863139,-0.47657505732671135
-0.28622196565348096,0.31896610676815973,0.28034444012824006,-0.03228684072755511,-0.34085512770579435,1.0,1.8284518958269675
0.20010688799615073,-0.24432439461117983,-1.0,-0.37017558947922136,0.4884261836495877,-1.0,3.796188267525178
0.049915576014415236,1.0,1.0,-0.006021949051966985,1.0,0.6645603148672203,-2.5752487698689226
-0.9376244028330278,-1.0,-0.8393462860628389,-1.0,-0.6200473542869885,-0.4348283544772257,-1.3067620681078314
-0.7076158902410902,-0.3755933257626511,-0.10296670164470637,0.6276522630541709,0.49507139682370394,0.39077167571275206,1.3777823796335136
-1.0,0.4899753403946462,-0.4621636563196424,-0.9203381770308809,0.124349817890545,0.004000103672039679,-1.0136613281684406
0.1808100997095547,0.8506182207300255,-0.8643656407886104,-0.08240628542196102,-0.9703185872909292,-0.7024439958175875,1.2713180393780634
0.5969166781110651,0.22231485405577128,-0.9872020996004032,0.22843071842421814,-0.1822712582200551,0.5910069301521974,1.32984535998014
-0.9919517322621199,-1.0,-1.0,-1.0,0.3224152236123973,-0.2781877007507989,-6.524866364152512
0.4161035968155643,0.7152889173033137,1.0,-0.2830120097324249,1.0,1.0,-1.618067233368661
1.0,1.0,0.5842457228318919,0.8293656135259697,0.39933708414824276,1.0,-2.560318346551284
-1.0,-0.24900260255384676,-0.08763420098540083,-0.9803868451736231,0.07807860008010703,-1.0,4.311340449798868
-0.605070015459231,-0.5825063098258378,-1.0,-0.2012499159426608,-1.0,-1.0,0.8772729006019389
0.6470581150073466,0.10112194103437117,0.3763776326470063,-0.03965530497942016,-1.0,-0.17060248170215941,1.3906870087658496
-0.42881443561084676,0.10320766743821053,-0.8604833717033528,-0.7864522964299931,-1.0,0.20589378016010312,-1.0625463117882985
0.4058962543697684,-0.8265017597558587,0.19091106164379462,0.3475950884592797,0.5022114233875083,0.47881982365890907,0.05326528138395015
1.0,-0.024001423856216675,1.0,0.3504242476927326,0.2501010205549383,0.7725479259414583,-3.6047191514611465
1.0,-0.45595469280639184,0.9693294064229825,0.33466563700481267,1.0,1.0,-6.158265189226748
-1.0,-0.8888628410777244,-1.0,0.6747055715741552,0.1727586913739532,-1.0,2.532059680646418
-0.8137913895189786,-0.7445875533555408,-1.0,-0.03416090157644747,0.38558921479261254,0.23741217304226603,-1.3715486320007797
0.23188901226407077,1.0,0.009820150820131213,0.7246246301430218,0.9191754757989097,1.0,3.6927804499149564
0.7371775538736108,-0.4654781337643601,-0.3287586906838662,-0.09810750178908467,-0.3140476391072299,0.0024676375383227978,0.5926277781294325
-1.0,0.259772119338389,-1.0,0.30275936674603554,0.2945363461870709,1.0,8.490369449685192
1.0,1.0,-0.4907819469184088,0.3683527145594553,-0.9644006532265792,-0.47863997150719934,5.813796386461464
0.46468939481437066,1.0,-0.1201502504822087,-0.12196820409972076,-1.0,-1.0,3.575651867789338
-1.0,0.11082164025198882,-0.09236720430577772,-0.7353287639065789,-0.12735682232642453,1.0,0.5484324202952463
-1.0,-1.0,-0.2596106397481366,-1.0,-0.5942104017152114,1.0,-2.0636397904366484
0.20484683337817214,1.0,-0.004017981299817008,0.390976924496359,-0.8748337338243345,-1.0,2.982899071177767
5.7574443570684863e-05,0.11357488034907504,1.0,1.0,0.582297823175291,0.03154831246986489,-0.08280876824597794
-0.9845310690780897,-1.0,-1.0,-0.898265045909962,0.037749006682069874,1.0,-1.6508439930920775
0.9851777762120733,1.0,0.14956638091070104,-0.9905325327898148,0.17972494572822176,0.18412232035138681,1.3178272745259925
1.0,1.0,0.06808821647776603,-0.5826958239518496,0.111588093660278,1.0,4.175230982184226
-0.6671430183887259,0.032711698537068346,-1.0,-0.0810697748418206,-0.4746301058098912,0.5250286335420395,1.696991071167349
-1.0,-0.6640677209967036,0.14980292734083123,-1.0,1.0,0.8944484006962901,4.2216252093212425
0.21446640110015386,0.6278567519047016,1.0,0.4348654802713048,-0.7268524547275251,0.3746964820836816,-0.6039020164582376
1.0,1.0,1.0,1.0,0.028522867282243042,1.0,-5.737350415756266
0.04318338975699043,1.0,0.8316269013001261,1.0,0.2733221167072749,0.4220533726955188,-4.585369781368257
0.015253498375241037,1.0,1.0,0.8374049534178796,0.8435176752786651,1.0,-5.059658743164717
1.0,1.0,0.20844982092715847,0.21775733422658206,0.8626652944737198,1.0,0.8163815706048299
-0.7893374185562415,-1.0,1.0,1.0,1.0,0.33002657162032484,-1.3275392088616105
-0.29020631442142797,-0.39007527634810446,0.42411853218012696,0.593615254615148,0.437475401268832,0.8095959374252968,1.0315399844956774
0.12402846634085729,-0.47970857924836074,0.24449847810096892,1.0,0.2928026262596539,1.0,2.285728184152726
0.7805657094093497,1.0,1.0,1.0,0.7548842106771322,-0.14033946534287167,-6.974253267515182
-0.026081598613594492,-1.0,-0.16513931603579834,0.19898670082372583,-0.5746213383593646,0.8633780036958505,2.052754318813028
-0.48395287589384184,-0.8693742172296691,-1.0,-1.0,0.8000916538862749,1.0,1.113696615727873
0.4593168150770057,-0.20785258692159944,0.9178755315650952,0.6881246680963546,0.2943673345604423,0.805829713416165,-1.82687087705424
0.7050382368388184,-1.0,0.6189970533399594,-0.8974016754479395,0.6854154701529093,-0.05355130179467826,0.712217257818156
1.0,1.0,1.0,1.0,0.6915884738453124,-0.119297994831212,-6.0955312994313715
1.0,1.0,0.05008685883864894,0.5061421572283209,-1.0,0.7763047805229257,5.890608658202266
0.38036718242547196,0.024136936096672557,1.0,1.0,-0.19886598077776735,0.358958067866745,-0.9517032971961071
-1.0,-1.0,0.9730674696042597,0.29989441503227465,0.3711968400307521,1.0,0.2723772729737609
-0.06473444829570663,-1.0,-0.5670760073196819,-0.7284016353457496,-0.09983589782242397,-0.6624837163517403,1.411563605420194
-1.0,0.1904128411443991,-1.0,-0.6886318683928314,-0.6073650864187963,-0.7902179803236913,1.3984025559717992
1.0,1.0,0.8175099976854372,1.0,-0.41546714112268,0.3078121156227217,0.06760191693056562
-1.0,-1.0,0.679477670440938,0.10984819988326988,-1.0,-1.0,2.411175049435533
-1.0,-0.43046717868378326,-1.0,-1.0,0.014593742889538408,0.42504076973358335,-1.8650350479796811
-1.0,-0.5124046165427776,-1.0,-0.48548120302862907,-0.9658464062718369,-0.4785508366890763,-2.686103931746561
-0.7319401085400413,1.0,0.17101835921991482,1.0,0.6355309776921075,-0.8713725155082402,0.04730324299124644
-1.0,-0.9451182519617546,-1.0,-0.5922058765670626,-0.5138119517242905,-1.0,3.7658010754613715
1.0,0.34334262060921494,0.2051342516018062,0.22422531259360023,0.40814662407821767,0.9592991519374762,1.2306826191132052
-1.0,-1.0,-0.40875591966739655,-1.0,-1.0,-0.5693584021800748,2.8286848445508097
-1.0,0.5465920485551246,0.7247865458656383,-1.0,-0.6891532474048299,0.6126122137801728,-1.799738172781078
-0.5652743056048218,0.48380778559510057,1.0,-1.0,1.0,0.5621264091410991,0.6984234213504144
1.0,-0.1786151875004663,-1.0,-0.5329287642133276,-1.0,-0.3192002192382004,5.503296371564553
-1.0,-1.0,-0.40875933597940683,-1.0,0.28221440469846826,-0.42593670031811903,-0.5358418090027307
-0.008213659630338349,0.14699865555821223,-0.03482307819662123,-1.0,-0.41148380587137,-1.0,2.4645333084952776
-0.6886378456259648,0.7195887056497333,0.3977062360137143,1.0,1.0,1.0,3.5692010322411827
-0.7073551297658744,-0.7899385582718343,-0.06161939982491732,0.10634114768108427,-0.44635539320527196,0.649230370374987,0.16854497871298235
1.0,0.6505323012804991,1.0,1.0,-1.0,0.22129467474107534,3.317779842661378
0.6246053206274959,0.9118495491990288,1.0,-0.09337952150508888,-0.5454844345631107,-0.1810750799207923,-1.3009071113124633
-0.5718566129777781,-1.0,-1.0,-1.0,-0.6118812282609859,-1.0,2.845041051806188
-0.4089583482783231,-0.7875648023432822,-0.6392335942847976,-0.22172411849833062,-1.0,0.3267056094537626,-1.102497782507476
-1.0,-0.5537800401876207,-0.6183531174796375,-0.15422554369268293,0.859159661372284,0.47368892563762005,1.8390409133885428
-1.0,-0.48877566961367336,0.3386324526358019,-0.5213027164134661,-0.36975436817127316,-0.433899070005509,0.8295206066305776
-0.3369556542104686,-0.5844150585387227,-0.9336315682082363,0.39370157935884564,-0.8986777163616257,-0.022215741451278248,-1.9754829775687026
-0.4121697252882068,0.8166734238706997,0.1723414440282378,0.5788578452755714,1.0,0.29075822885172453,1.948358785801964
-1.0,-0.16150731760558013,-1.0,-0.8770616030986204,-0.9625975393111481,-1.0,2.256825654610779
0.12677486753684486,-0.914345392964999,0.2873012533648052,-1.0,-1.0,-0.244263641013708,6.6804071363949316
0.11661606948810632,0.9197938886896344,0.03233902398491795,0.7697367841768974,0.38797851942809103,-0.6418390401060148,0.2399881960865317
0.9801803010561183,-0.4589678068662821,0.8579466569262736,-0.6498488113704031,-0.6772303652565614,-0.9979362862291955,8.389192197305526
0.151873775050668,0.6830822009814959,-0.7008044424016862,-0.4391554591478952,1.0,0.8617373124839605,5.536924801584605
-0.3473899781219567,-0.7586545063993202,-1.0,0.5699981410646232,-0.6742895424464304,-0.2098058629913132,-3.6940921098826847
-0.9469077660058154,-0.7672532433840586,-0.9450763112326426,-1.0,0.7126012499206607,0.6062632291442638,-3.8906050537709858
-0.04945122312687755,1.0,0.5340794305165151,1.0,-0.7129925102787865,1.0,-1.2377407395918132
1.0,-0.6160303025232108,0.3512268371969483,0.28650406584977206,-0.09278018929856824,-0.39881087680859495,0.9034574192412508
0.4337736294417388,-0.33671316200073115,-0.559571987256543,-0.7272067568878288,-1.0,-0.7856898477087391,3.009135694784329
-1.0,-0.17961587011041458,0.11877412155743439,-1.0,-0.7303583584013909,0.7245335453980779,-1.7041541554067225
0.8333214120632084,0.9452751297110638,0.6356069783431058,1.0,-0.1621476161424904,-0.6135475748498522,2.5293892348740754
0.1432047594067323,1.0,-0.4981838374120275,-0.4180023081843095,0.34987312693651146,-0.4908590465218271,0.047174151050027646
0.49217245224677664,1.0,-1.0,0.08384539599631444,-1.0,-0.12051393691969925,3.232040833610619
0.096288675390653,-1.0,-0.8527521922201433,-1.0,-1.0,-1.0,6.58642491881063
0.8166036660846243,0.12065363783203664,1.0,0.42458833447803435,-0.48329414273754123,0.14280995717744904,1.98401157412847
0.413212812531518,0.3505107296982686,0.9188085007775534,-0.5331653812371518,0.6665252111687824,-1.0,0.7251291705128076
0.6600438675745122,1.0,0.5459906760382014,1.0,0.04176277440896203,-0.11583636653522011,-0.019721887821661288
-0.8019634789402217,-0.15214060148912,-1.0,-1.0,-1.0,-1.0,2.1793661985126858
1.0,1.0,-0.3204775909771488,1.0,-0.7052447318272808,-0.3409875081093874,6.70224755778456
-0.220242574886776,-1.0,-1.0,-0.37305529432427176,-1.0,-0.8152071133307162,0.03376135319832563
-0.7464605229737826,-0.016790816118907093,0.46146685436451873,0.32709498365692513,0.27451777372685404,1.0,0.5165310677168342
1.0,1.0,1.0,0.4919907821637315,-0.2392064735813549,-0.7490147072407871,1.669335665293453
-1.0,0.40975704078854036,-1.0,-0.10951312785701939,1.0,0.6504173278501975,4.778112681620607
-0.7196055859441284,0.3652452925987689,0.5351892487577574,0.8548054641536655,-0.9249567874309053,-0.6748757298660494,0.11619943886806236
-0.249060193352779,-0.23171984222267605,-0.6573040089596732,-1.0,0.314402003909099,-0.12762711134979576,-0.40634348634773304
1.0,1.0,1.0,1.0,1.0,0.6082271271096512,-10.248570504791743
1.0,0.1140127258760203,-0.05673292043532474,1.0,-0.4954282164489543,-0.9778446077101954,7.342892397303926
-0.06610873571622045,0.952674266660707,1.0,0.8559604541489509,0.41755250461396454,0.6175809882359541,-5.558971793574175
-1.0,-0.29185328949695166,0.7837549727923993,-1.0,1.0,0.4877918201034821,0.32087030461480986
0.6326127821763508,-0.7446104364572057,0.49984863879594554,1.0,-0.6979116408723699,-0.05262949118550869,3.5929448397745634
0.4038168342392616,-0.016016768292329897,1.0,0.9535436533095882,-1.0,-1.0,3.011864527570263
0.3506942614751506,1.0,0.17250753539302255,1.0,0.12478675188637589,-0.28793848216733453,-0.30247098254290716
0.7036218658721608,0.3677264396672675,-0.9105384743082916,0.9649047883083268,0.17759473921616237,-0.22273173940335456,-0.7870025262543062
-1.0,0.08156875796185858,-1.0,-0.377108081083797,-0.3483667331723802,-0.35443701364123315,-0.12807397683702804
1.0,1.0,0.9489399405182584,1.0,0.7411833444857376,1.0,-9.748099165478006
-1.0,-1.0,-0.47986333477648757,-1.0,0.8692815384811482,-0.797730963109505,4.248727252421265
-0.36423613059453774,0.27187931078912797,-0.6013395234886196,-0.02030935721924415,-1.0,-1.0,-0.8630373932823912
-0.9339368995267949,-1.0,-0.7300469926711707,-0.3819335153144314,0.29997809497622224,1.0,1.1246088572991586
0.78921148074418,-0.045922934331330545,0.6858714639821646,-0.4446737870954103,0.68525791257562,-0.5048277403728176,-0.5545171730124827
0.12868450132938758,0.6907622752786036,0.5506217140233014,0.8547984366179275,-0.8624086311310836,0.608088689968598,0.02555892132301546
0.5558780016365061,0.1500993174758909,0.2088615682552979,1.0,0.7517596587536745,1.0,2.7884304226091077
0.41591359592459315,-1.0,-0.5713447621869125,-0.09353267238224201,-0.09932581742635782,-1.0,2.2260065150677177
-0.5430256941087054,-0.09176807466280756,0.005196082288245023,-0.3543149639448777,0.28514353081195964,0.046383242153470006,-0.08984549153241073
1.0,-0.11225019728102037,0.5573638589519632,1.0,0.02150526616292281,-0.5066591562591183,1.443325873675903
0.7272668346515214,1.0,-0.3826338148022902,-0.08953432819023455,-0.8672972285059273,-1.0,4.642070207122349
1.0,-0.1632843223517358,1.0,1.0,-0.23723892940360058,-0.5921221732687257,2.33239963162897
1.0,0.7504573166117651,1.0,0.6432090733943951,0.05971034481747717,0.33410354777258855,-2.120411812934158
-0.314203832849223,0.926661525842492,-0.09322364890398988,1.0,0.3559023942048791,0.6508820659810972,0.6575827164361407
0.2041063478915104,0.5333879943346971,1.0,1.0,0.01670818773511029,0.3383490632067465,-2.1677892414214774
-0.5342774991171695,-1.0,-1.0,-0.893329774221205,-1.0,1.0,4.71745855946733
0.844531875961871,-0.2290156001768613,-0.5449018495010103,-0.5269922603641654,-1.0,0.026406230139786047,3.3618715235959624
-1.0,0.6697372480348462,-0.7006255567570678,-0.24147023961479208,-1.0,-1.0,-1.074457301215793
0.8967927214649585,0.8001333346414652,1.0,1.0,1.0,0.03997461680022596,-6.295415312684187
0.04403388557716159,-0.3595950625894334,1.0,0.8766844518229273,1.0,0.4882536061822912,-2.10934357408157
0.12932819964705344,0.9365744757203753,1.0,1.0,1.0,-0.06428325781653998,-6.168144156384903
-0.3865103859914736,-0.4495827999039932,0.179953752036922,-1.0,0.5924102307855357,0.5964339649658799,1.1184281192727306
0.5757737884009585,-0.0857940434701796,0.5654365648323869,0.8272254289935197,-1.0,-1.0,5.679705563369282
1.0,0.6114005216476246,-0.6960604680969771,1.0,-0.7000210998779786,-1.0,6.763413133814345
-0.6247353634458739,-0.8258555699629131,-0.8153789684046782,-0.6892329727355899,-0.7449048453991229,-1.0,2.574617398523025
1.0,0.5348196792311912,1.0,0.16708148449311078,1.0,1.0,-6.181539964525802
0.5492235109781831,1.0,1.0,1.0,-0.0363992574791403,-0.7333878808298157,-1.5146624944135532
0.8136555466178059,0.8388676093399616,-0.007392964960181381,0.7509436243957011,-0.8909548311207586,-0.45410427300099865,4.285953586043887
0.10633186052650252,1.0,0.6060931395094182,-0.8152914157158875,0.7968364803946959,0.10086539520670224,-1.3541862583399782
0.3851201232450571,0.26194121971345274,-0.706056616647216,-1.0,-1.0,0.5728139052747736,4.762545485557876
-0.3207407809965124,-0.41881938123031714,0.341454416295544,-0.23143887961451248,0.057990310006501344,-1.0,3.1399430122628096
-0.39584017442946684,0.6214705960031636,0.4163779120303667,1.0,-0.6132494079501816,-0.34841949257357396,0.794469619196178
-0.24425551304549398,-1.0,-1.0,-0.44193713039327065,1.0,1.0,3.0210813672793173
1.0,0.6256756331545594,0.9655192330561435,1.0,-0.18518488726326687,0.5292968284166004,-1.459712769545578
-1.0,-0.13244990797498513,-0.9835950763789278,0.5603939216299255,0.8606105679968203,-0.678051128701957,1.6514900791296903
-0.7844306792794138,-0.08936358342318323,0.22997387422543691,0.16376059022184497,1.0,0.5607664171170987,1.9872852769996927
0.626852263161461,0.5378737301403547,-0.15901104707410885,1.0,0.33390932730160716,0.32203675702311396,0.20055749103655152
-1.0,-0.16731181792759126,-0.698047624000407,-1.0,-0.2625258145052982,-0.9432569899178687,2.7453350559470246
-0.4502979109476474,-0.7037922593300997,-0.15303251600052303,-0.8416403000856549,-1.0,-0.32833601649933053,2.5398429562194518
-0.7672735576723809,0.2453838607384234,-0.5215974922334977,0.51794811783744,0.2783453852743902,-1.0,2.490087540993062
0.4725354865742113,0.46289198523986264,-1.0,1.0,0.29517328107188767,-0.4839893452798645,-2.094835895386004
1.0,0.9883310545906226,1.0,-0.33041965516413285,1.0,0.32124167377983176,-4.225934651275036
0.8081512242684168,0.7158220010094789,0.35227745472341376,1.0,0.3530000973263185,0.28107290365840065,-1.3506415973416512
-0.05097068411461955,-0.25829062837382466,1.0,-0.8667591449618597,0.19775910000172603,1.0,-2.8122333046091943
-0.7334593282909574,-0.33554918745657325,0.14933618928946651,-1.0,-0.19768210141591203,-1.0,4.740628689142747
-0.5394928788569598,0.2884356851683483,1.0,0.7160550969860736,-1.0,-0.7009477692863535,-1.6981275719376407
-0.08747817731750943,0.6701282763340997,-0.3068437692480914,-1.0,0.9157537181722826,-0.34463621696707514,2.3514794165933397
0.786749886844893,0.0322205032787784,1.0,1.0,-0.8214150733715253,-0.718255110355591,3.736471712154062
0.1569468379539506,-1.0,-1.0,-0.30580060402332804,-1.0,-1.0,1.8486471180608
0.690324601772813,-0.3096513989668539,1.0,-0.4986111344506005,-1.0,-0.29377865981372625,4.1666755843426815
0.9879366719865117,-1.0,-0.4760314575090557,0.6817028103422065,0.0036486512084477063,1.0,1.5494856223718423
-1.0,0.7531685472721912,-0.39207249631877517,-0.557570051238319,-0.2996886158984253,-1.0,0.5462064690782229
-1.0,0.5633861186789996,-0.0479878127849902,-1.0,-0.6068990583692561,0.49141938604349533,-0.24102013731761107
-1.0,-0.39169462986361636,-1.0,-1.0,0.35338890887998253,-1.0,5.014220132270184
0.37311159762788204,-0.42081156813984055,1.0,-0.15555559920708806,-1.0,-0.49260650626725344,3.2035973420450174
1.0,1.0,1.0,0.7309927722290295,0.6841168057235878,0.9368339068439916,-8.112632549610446
-0.7441756583334772,0.9965324607163455,0.890131876040416,-1.0,0.49306247149304994,0.7188632470339984,-2.6861033402656465
-0.7614359332658884,-0.7808365747464605,0.07452965909813869,0.01847381163566264,-1.0,-0.2404138062171377,-0.5088894589998505
0.2965441694851349,-0.8250519283767943,-0.014524727858474334,0.48110163054504673,0.525538646990592,0.16441959084147262,-0.2557076113455927
-0.18218295452069233,-1.0,-0.45783930129721595,-0.2713662368183747,-1.0,-1.0,2.5339453693503615
0.25480666576217675,0.11244550166474099,-0.07190037146587813,-1.0,-1.0,-0.45021257713355856,2.4115579408093955
0.04185437360400324,-1.0,0.30481805121022454,-0.8423416605954044,-0.2728730301776907,0.3307311782037525,1.0558599346292188
-0.39418442941256304,0.03806317749300836,-0.7376569978685951,-1.0,-0.07549492587165771,1.0,5.066257000313272
0.9738747772051086,0.39216900057464815,0.24104128115097168,-1.0,0.3206210562636308,0.08909737147938407,-0.9982390453554706
1.0,1.0,0.11031200636314309,1.0,0.845486879156511,-0.06299176302138701,-3.0308672561097385
-1.0,-0.8169689637024189,-1.0,-1.0,-1.0,0.07828797399172614,-3.55615826790511
0.9724239070912569,-0.6493753017012712,0.8926989091238132,0.7194624251596364,0.14091414827985144,-1.0,4.4578917893054
-0.6855175570809882,0.020465370068259374,-0.6473056477895509,-0.7793823621203722,0.13446955426500817,-0.5141521436135357,0.5053429530801007
-0.43610057263054475,-0.304387892868768,1.0,-0.30058692117530805,-1.0,0.0027014696479245037,-2.0703449428959
-0.0021102422377422166,0.787015528179327,1.0,-0.5064520495440383,0.037730323450667735,-0.16834438086006642,-1.6964112693872602
0.23396135521408273,0.3603410690284693,-0.900809994766508,0.06223339218878965,0.4116032838462531,-0.5999560375238512,-1.3082523982603687
-0.8163962632952311,-0.06379681632862721,-1.0,0.07915014750010263,0.8312413161217312,-1.0,5.4590735721288
0.9651454069178308,0.17460343393572528,0.052244163016924194,-0.44918810698788475,1.0,1.0,-0.6039077981338794
-0.5256368575169739,-1.0,-1.0,-0.7597123309123208,1.0,1.0,0.8312387790415536
-0.1873687220406055,-0.3829130421717075,-1.0,-1.0,1.0,0.5042728278248987,0.6477317853333889
0.30123836761612977,-1.0,-0.07525307796239919,0.38762096021016895,0.1600829145450815,0.613088862743679,0.014741610057139642
0.6180138529483568,1.0,0.40795819333137207,-0.3802915149540065,1.0,-0.5694041215537666,-2.267808397655337
-0.9295455425521264,-1.0,-0.25936346554552653,-0.45847797170818444,0.9704637950587013,-0.8818112035799406,5.805536573849543
-0.197272346082893,-0.535064984585644,-1.0,-0.566280904190405,-0.6445527391293688,-0.7975262203370068,1.044303307317225
0.5965350469372108,0.6708121362300599,0.4256016052742341,1.0,0.988462016128549,-0.10292915074954995,-1.9463721337205826
-0.11695582355708978,-0.5010515149039193,-0.734035723218375,-0.06444264933161281,-0.38226007726161765,-0.5466062168880019,-0.05154187297766588
1.0,-0.02823280570091785,0.012710729940175303,0.3668291132317922,-0.2043116304142341,-0.7076228684850345,3.7456681363366746
-0.07968325377149281,-1.0,-0.242350652658751,0.3089453391480337,-0.1700119350058944,-1.0,3.5281131715578193
-0.010152226469605674,-1.0,-0.6955117367507484,-0.726778529445098,-1.0,-0.6936271914657357,2.921016351464454
1.0,-1.0,0.9677565842645273,-0.09889971838066236,1.0,1.0,-5.420977206380119
-0.41543482881301297,1.0,1.0,0.7679885944043086,-1.0,-1.0,-1.3851394327055777
0.32204354223668696,1.0,0.6212143963606567,1.0,0.7010856973740909,-0.9801790754771103,-2.3323964819127316
1.0,0.9059403426697641,1.0,0.7758238946365186,-1.0,-0.10298747938699138,4.678436393668355
0.6317970998083561,0.42680947634783384,0.5205344378061102,1.0,-0.5845922935576946,0.013909243197292698,0.48739329788885377
0.4825596324678064,-0.1168629981076626,0.5632659991945719,0.4652455042887359,0.06902465524542889,-1.0,3.8858419320286557
0.16033217318001455,-1.0,-0.6468386281894161,-0.7661234368933695,-0.7652201711161395,-1.0,4.610404468517292
0.1100816083400214,-0.32872872204597997,-0.22327456448990934,1.0,-0.6582852753784001,-0.515119182478713,0.6448053479766075
1.0,1.0,1.0,1.0,-0.6537261343696199,-1.0,6.465832621201028
1.0,1.0,1.0,0.1783192990561293,0.31760312828693515,1.0,-4.340178492537516
-1.0,-0.042278403602075354,-0.3990895971497252,-0.10712991246654213,-0.48818860781898354,1.0,0.5108266232145551
-0.921323293445348,-1.0,-1.0,-0.7762259297072298,-0.17673040366258985,-0.8257682968624763,-0.3394219559290703
1.0,1.0,1.0,0.3947146654907894,0.7333279140007893,0.510874356612306,-4.987974097842473
-0.9576915039021376,0.09787140380777296,0.25651148369003374,-0.752004104044561,-0.028730005287665228,0.4765254937082289,-0.8695283739563964
-0.28930950729902827,-0.5664406888889152,-0.9486081033426068,0.10383961282429066,-0.33805848291393154,1.0,6.216140853711854
-1.0,-0.3820575332829834,-1.0,-0.014113057509953286,-0.04745239121111633,0.5299244913397716,0.5479586540728172
-0.8253826850045154,-0.463150678033184,-1.0,-0.8939758991402937,0.4661122123165413,1.0,5.2989246284565095
-1.0,-0.4302087705193154,1.0,-0.5598980723495238,-1.0,-1.0,-0.2320782681389244
0.15912307547128587,-0.2839274563346471,0.583516571271423,1.0,-1.0,-0.16872042805467746,1.3833051753755825
0.19092193119648937,-0.26931674064187106,-0.18679474285698144,-0.8121266459486385,0.023649099638685944,0.7723607271450573,1.1884780189972952
0.36837531020026115,0.6861862263517189,1.0,1.0,0.629682846016524,-0.9437099296945145,-2.6233596998404827
-0.6850654672466446,-1.0,0.8569006034399715,0.4177991335424874,-1.0,-1.0,0.9227470419833044
0.10058420943453447,0.180758496434122,-0.11561040341344542,-0.7543352682836801,0.10157301799131035,0.21118869051923495,0.5347338566452644
-0.3378423211458913,-1.0,-0.7461356000708597,0.4001282959348565,-1.0,-1.0,-1.6231204868237963
-0.8148604249627021,-0.13171812167602637,-1.0,-1.0,-0.828963919572498,-1.0,2.5994724238427316
0.38174777832439855,1.0,0.8962936189929724,1.0,-1.0,-1.0,5.07427155425257
-0.8349670380276066,-0.3265342370571953,-0.7553565005597489,-1.0,-0.14920734809017322,-1.0,3.7127475055197037
-0.5181580362059572,-0.5647617240467036,-1.0,-0.3005315779109814,-0.5912353660995292,-1.0,2.3175762589501945
-0.9431725946581899,0.21186135313375937,-0.9766299319160685,0.8285088687195635,1.0,0.5251644223434588,1.3165459093363192
0.9396237936301097,1.0,1.0,1.0,-0.0013244595410572546,-0.9500243563042593,2.014425534401294
-0.18389580844611086,0.503925278096266,-0.0836175126314806,-1.0,0.6744138696208162,0.3125452628796179,1.685736245860048
-0.01615585535297881,-0.11586244475469742,-1.0,-1.0,-0.8015472073597907,-0.21567846306316618,-0.8353353161299016
-0.6675320169564485,-0.7587500773089021,-0.2887766007172159,-1.0,-0.04705707690073313,-0.5000089295045798,1.2858161050497656
-0.4420833802562638,-0.21504586602540726,-0.01687725201221868,0.3434126471004715,-1.0,-1.0,0.9171377277077948
-1.0,-0.07174007840506458,0.04961201516351221,0.09162393549411069,0.5011193020023943,0.8926941294922022,1.083723956186728
-1.0,-0.25320173539900215,-0.26703317845013874,-0.23191169460206762,-1.0,0.13228518562618663,-3.423564913362845
-1.0,-0.5204448029143911,-0.6507183329148825,-1.0,-0.03625198953590947,-0.6975923416517393,2.2907247314624772
0.6684164437168987,0.03565588398816111,-1.0,0.14953001277206834,-1.0,-1.0,3.6097293469969673
-0.9557679157035848,-1.0,-0.691889519152159,-0.25194395703001393,-1.0,-1.0,0.5701749889541501
0.20564828978949545,-0.6248551166749271,1.0,-1.0,-0.24033822866400417,-0.46741747667173605,1.8405428333181768
-1.0,-0.6752648836257754,-0.3332567288751518,-1.0,-0.4580202420295515,-0.239179307925955,0.3465572721650493
-0.6670493820695782,-0.32316131340505083,-1.0,-0.2074846584599772,0.830157833452067,0.17127431061501108,-0.3482324226010312
-0.6463498033574139,1.0,0.7632467142081645,-0.08031949951047201,0.23615219969606283,-1.0,0.20554489383852215
-0.9207680368513766,0.06142645880467279,-1.0,-0.15820608380137519,-1.0,-0.4714240053851759,-2.3652463955835197
-1.0,-0.07486264645011376,-1.0,-0.6480405405715046,0.07451267131022621,1.0,6.892057586839801
-1.0,-0.6058121815859624,0.5977787501865433,0.8741598009547409,-0.8172827871542185,-0.4907278829528635,-0.17563411777679916
1.0,0.44331544588964156,0.39194036991976233,0.36574215319266284,0.23836929754264913,-0.40982234413828533,1.0811141346103246
-0.15575837960293915,-0.6432443655066291,0.7884037985643411,-1.0,0.458282608488618,0.006867827468095888,0.1518371922405165
-0.21017221468582903,-1.0,-0.5541757728256571,-0.8904275306170422,1.0,0.03542074667707214,-1.2677805268696254
-0.14134009334136144,1.0,1.0,1.0,-0.19143525495042085,0.06988475474821439,-3.7918801017474615
-0.5171848167215585,0.2247484565088913,1.0,0.04961429738777903,-0.7416252393033484,-0.47424348870399435,0.046611772398281515
-0.47216014859154953,-1.0,-0.21968421585542908,-1.0,0.8624759643122151,-0.8845546576088158,4.853494155900551
-0.1606605450916465,-1.0,-1.0,-0.9232952521252243,-0.3122669121528563,0.008485363889024988,-2.99096102652378
0.13876607889306192,0.5345449747070161,0.2138599125954337,-0.0694311508622959,-0.31816356890689057,0.14470914906186216,0.18890239741302056
0.8313574477117447,-0.3373164193682379,0.18297494613393633,0.742011701945594,0.7181347117633884,0.27149111355660094,-2.5565131612290055
-0.6856997179841616,0.9334377921636712,1.0,0.9271090855107302,0.9001246226325338,-0.08961083169729911,-5.8110375459454415
0.261649435682369,-0.40864076750443484,0.572939161709718,0.7829070416995354,-1.0,-1.0,4.881579679835431
0.3073402632081224,-1.0,0.4123215273831196,-1.0,0.4200599531858809,-0.3867886420222717,3.282552609316197
0.06804641428787872,0.6350099162323877,-0.7167345435194998,-1.0,0.7547194340763386,0.242994340962839,2.0661738419695412
-0.04011416021897829,-1.0,-1.0,-0.42062566480928365,-0.28622314490213907,-0.9672815785716804,2.209791503332943
1.0,-1.0,-0.35799503820435397,-0.13417037029942575,0.28730018474407937,-1.0,2.7905808502338196
1.0,0.863023071367931,0.871740066558397,-0.23612934576949474,-0.32935405527901984,-0.221233845290907,0.6661441599691302
-0.18869741605843354,0.0465094955317652,-0.17083032421454056,0.2764351611694016,1.0,1.0,5.778677946865393
0.22168663871311056,-1.0,-1.0,-1.0,-0.17234281104209348,1.0,0.5060197574625847
-0.15635801077344214,-0.18678367670500629,0.940750335187085,1.0,-1.0,-0.028840439815258523,-1.8647646002809426
0.8638253955284001,1.0,1.0,0.364744196374742,0.2972163635463587,-0.6033318281564303,-2.0127570018054604
-0.8964001622766438,1.0,0.4385706442532775,0.11377673488881515,-1.0,-0.9178186487282953,-2.6131124872931695
0.1608915381013497,-0.19815753359268828,-0.043058399099919376,-1.0,-1.0,-0.8855040763060389,3.7511197884007554
0.8958589018731995,1.0,1.0,1.0,0.5019793141838174,0.5993520721095583,-8.104426664029592
-1.0,-0.3131333627595708,-0.5159028801654466,-0.7747040690388627,-0.6036764853317824,-0.464541391912207,-1.3121818878201679
-0.2655004382575269,0.1587057835451237,0.7471128579847958,1.0,-0.4515595789229897,-0.5761339114432804,0.8046082984442212
0.6051550626883624,0.5877294213679235,-0.9064064602307087,-0.11732999160648316,-1.0,-1.0,2.6975037390176677
-0.15412795001757973,-1.0,-1.0,0.036029058936803415,-1.0,-1.0,0.29604980535949993
0.46468390576149343,0.5882254095498141,0.9898767898059837,1.0,0.24999669035646388,1.0,-3.226358289186155
1.0,0.5912703696689043,1.0,0.6221482701150978,-0.8067861800368877,0.3091877284197473,2.4998398205889147
-1.0,-1.0,-1.0,-0.7830014795006144,0.5242638082858104,-0.10657503333350304,-6.2937402095463435
1.0,-0.22406521522088974,0.9969460398094228,-0.6504076176994142,-0.8571231629684422,-0.7128675308928121,7.84566401469574
-0.727066227173824,-1.0,-0.3546146640730006,-0.6105493120962953,-0.5710955058297814,1.0,0.03109449956702859
-1.0,0.41172049794735605,0.0021871589262729696,-1.0,-1.0,-1.0,-3.08250346120162
-0.19196424614348773,-0.11795904201776641,-0.6408733238103882,0.4733734062878734,0.8136167288843446,-1.0,1.521612254637453
0.6483560547965791,1.0,1.0,1.0,-1.0,-1.0,5.631843709433085
-0.549252289753219,-0.37331738574337414,0.9618873219286392,0.21878930035286337,-0.2773519809366751,-0.5373188564502107,1.2699304108939686
0.28929300275757286,-0.9082615999296993,-1.0,-1.0,-1.0,-0.031796301142707595,4.159596119340742
0.09889113753603995,0.3896708115558717,-0.6178822705080442,0.5474284853937537,-0.3321545175410963,-0.902479296879187,1.6940712163001732
1.0,1.0,-0.9512954125077685,0.021746997813756747,-1.0,-0.3506591280593694,5.725807158678351
-0.1023724766291969,-1.0,-0.8338950292997394,-0.7580099769451705,0.10412188411138179,0.38871370096808655,-3.025402500450284
0.040313056861011054,0.7922915714608402,-1.0,-0.6041488974196588,0.9641556974373546,0.17421628826040358,3.0947669368920567
-0.20288307062885974,0.9949950022659606,0.7570680693762102,0.4086684636213205,0.3799940803362654,-0.6069751308871736,-0.9793816480746285
-0.040276330807533345,-0.6459047070119932,-1.0,-1.0,1.0,0.6908796704733908,0.10648260424349104
0.507328106742283,1.0,0.8951809054506673,0.8237823520962133,-0.51907286460402,-1.0,2.525897392505113
0.29021521757084073,0.7491145741884031,0.7736152428707805,1.0,0.44526436335635133,1.0,-2.9829186839245128
0.6122043770605554,-0.8396726340410069,0.6811415295503622,0.07513180125406049,-0.21337735475156183,-0.13713622652914503,2.396699648895047
-0.16649941044850092,0.33137028464077134,0.2824332035931445,-0.2768757044631198,-0.6152513818037229,0.2587532937973154,-0.6657655965258857
0.5242693893082779,0.23332010824749416,-1.0,-0.0742389646193625,0.09416804458494726,-0.7204180197694,-0.38365890108808665
-0.5966498612036306,-0.8264592726766751,-0.5182097143085114,-1.0,-0.21815758677385477,0.3539788039978581,-2.79977388003956
0.6689378720727076,-0.3853642039796029,-0.7192389589831948,-0.5725588632432679,0.4264222086634736,0.37777149047433567,-0.6622813343168067
-0.6334937734359497,0.2908922311403991,-0.30239120326036206,-0.4882534449991816,-0.5774586827075447,0.6991444279176298,1.0009445218309931
0.39449167126053786,0.37290117933904954,0.478036341311546,-1.0,-0.5055790622327108,-0.9672802239021344,2.8661355556448673
-1.0,-0.8969631444937187,-1.0,-1.0,0.6938869684464861,1.0,-0.20937596124441732
-0.9551881217638678,-1.0,-0.3500181980283076,-1.0,0.01059996492658577,-0.4037940364488948,-1.4320505583974374
-0.25815895245857107,0.615743742457016,-0.046512853064611726,0.2589595539469968,0.31680092376043323,0.7241669604270369,2.0038397944411455
-0.7317548710732507,-0.813155484938928,-1.0,-1.0,0.9757186770095457,0.6085444851250694,-1.344784559930399
-0.8009227117173998,-1.0,-1.0,-1.0,-1.0,-0.6164575409506796,1.7559237630489677
0.6345659930126214,-0.23727201715969207,-0.608199621349624,0.7684356572867505,-1.0,-0.5258291526139545,2.5049307545529564
-0.42078398102557335,-1.0,-1.0,-0.5317175790029072,-1.0,0.0493940135640476,-2.399569854840103
0.3307270313491168,1.0,0.8236286384873569,0.24605461975191167,-0.7045146205126656,-0.3088209748649964,-1.1834335550434938
0.25000384515305285,-1.0,0.05993396562605702,-0.9818534936102505,1.0,-0.041263495136448614,1.0442310772719725
1.0,1.0,1.0,1.0,0.13323047516416275,-0.09773695916595859,-3.382749946444526
1.0,1.0,1.0,0.5143265052847406,-1.0,-1.0,5.165508701350496
1.0,0.11120590937013297,0.14623169805345337,0.5176866230440706,-0.6302077595274507,-0.5063872281824633,3.249158029529789
1.0,-0.058458743587553263,-0.6070564738928785,1.0,1.0,0.4532908935947232,-2.774910059394643
-1.0,0.5519576206071938,-0.7137440411122545,-1.0,0.5462848483200718,-0.31398526389356235,0.6219459792044886
1.0,1.0,0.41975867675919876,1.0,0.8527659134163355,-0.153298588853082,-3.125846848186244
-0.45625124445045584,-0.8703248020752921,-1.0,-0.08049776688525001,1.0,0.9573607027643531,4.601597913487083
1.0,0.24615589419233797,0.33833622179261336,-0.12381974147085473,0.4166665157588409,0.8324999117200103,-0.6835313210332007
-0.09206250743496475,0.8146281192345604,-0.3918988828707448,0.9189819751453109,0.16700097984856688,-0.11638048203189386,0.11935144755553909
0.07564853111594261,0.27385481661430466,-1.0,-1.0,-0.4190056078703943,-0.67407140439973,-1.1953046448760336
0.3918485025607394,-0.003991294896692588,-0.15206721345715113,-0.020499350640175662,1.0,1.0,2.3201576784448945
1.0,0.763447211063516,0.37872704498304316,1.0,-0.711527425289012,-0.585977596495044,5.938449421582731
-1.0,-0.035338710851677,-1.0,0.28069787742578356,0.685559735774013,-0.40114938828603636,-0.12480295715910611
0.6321769639932843,0.6485640122063114,0.630697461187618,-0.3166925659233489,1.0,0.8485580381167723,0.12249447892901161
-0.040381658065048176,0.10420350683184026,0.8956909423723399,-0.39150903607736365,-0.03752098263721759,-1.0,2.6707330105176528
-0.585361091461178,0.6649560599062139,0.06022592532105209,-0.8797587647749168,0.1443723117167751,-0.45883776039275936,-0.12979966941257548
0.43859447370169974,-0.5090074676314995,-0.32490941207378277,1.0,-0.7539274379486764,0.0020290484290181876,1.5798476480264956
1.0,1.0,1.0,0.6021849272507567,0.05832329459940194,-0.28221152136567973,-1.8798695052707126
0.8591491351794869,1.0,1.0,0.803091462687799,0.44002707407992575,0.591673124650912,-5.216085213285089
-0.39403105101878394,-0.7361051608695339,-0.6822841627391164,1.0,-0.3803382629484917,0.47467608278067364,0.8195692313999066
0.4210434496827375,0.915761682131944,1.0,1.0,-0.18612662273127611,-1.0,2.074838507380588
-0.9052361934105587,1.0,-0.20607591215507082,-0.17969676945785112,0.9363492968432685,0.19164596550405832,3.194345016156589
-1.0,-0.3043304165286099,-0.1270683823574337,-1.0,-1.0,-0.10493430778195867,0.15375560769583105
-0.4608036972547464,-0.28581850821309884,-0.5258666464867818,0.07946046565578829,-0.012418464351234615,0.2953957927412226,0.8004681063950922
-0.9690472152767573,-0.021319342610392367,-0.22465139129763248,-0.6842346919681548,-0.4914328841728114,0.8619253978084795,0.8751575347178912
-1.0,-0.18667064149192458,-0.17653023892726383,-1.0,0.25597424118547196,-1.0,5.171422822422027
0.6965369411304964,1.0,0.7618655712478943,0.7224368015948505,-0.656401130014679,-1.0,3.8226138073044726
-0.4663272945885191,0.31277678334703407,-0.08730146234769842,1.0,-1.0,-1.0,0.9682587982361912
-0.783767976735601,-0.4918979820930126,-0.5606956246059163,-1.0,-0.257903639293581,-0.8774185412733462,2.8967911750518063
1.0,0.05442721676327378,1.0,1.0,0.572772744362096,0.14893333891505547,-3.364562387502339
-1.0,-0.8080704002471661,-1.0,-1.0,-0.3208664734080058,-0.7595530990679458,0.6220762380337956
0.0831787348875449,0.36593278750229197,0.10170312159132477,-0.16851652041364218,0.7650338590868189,0.5062996167403007,0.8928961827946824
1.0,-0.4189004882662241,1.0,1.0,-1.0,1.0,3.5416658183690584
-1.0,-0.2716486465320951,-1.0,-0.18058874115305223,-0.7074400948664517,-0.18577467418013288,-2.9674147794318118
-1.0,-1.0,-0.10680842796448164,-1.0,1.0,0.2731539710857239,1.0245879281379948
0.09193741976235248,-1.0,-0.001404392429242396,0.6244557165021596,-0.43870259797048006,-0.07693624032585777,-0.4913196236711548
-0.09640428419219131,-0.39922665543875246,-1.0,-0.5214445722182109,-1.0,-1.0,2.2591714262568576
-0.17994308326362035,-1.0,0.06996153421807919,-0.48103651155968763,-0.6461592440472159,-0.8797856429683133,3.9857043714319556
1.0,-0.011339390504571056,0.162234796619325,-0.16096984189358565,0.670490462694841,0.2797005734236875,-2.210214906049121
0.40985349703189944,-0.08955480475474353,-0.038981793447606855,0.8566286891748374,0.6432758828712417,0.7583107770147847,1.0170694670032023
-0.36106267071590503,-1.0,-0.4714558234201911,-1.0,-0.7632448633369244,-1.0,6.479285895645891
-0.5941679510389947,-0.6418409768840219,1.0,-0.21991637747268455,0.2050921312803303,0.477870969476653,0.2047241910037162
0.7297327212276286,0.08905388061243173,-0.4052470172508146,-0.1788387680166632,-1.0,-0.31438777897726244,1.6174605729007367
0.5506399266532719,-0.9399638886101812,-0.7471076383093512,-0.5397711489165389,0.7222548051448998,-0.9407841332252039,0.49548049465397315
-1.0,0.848069124093882,0.21458052338397846,-0.5723057677432098,-0.4833295206546608,-0.23849182488613563,-1.639869842898725
0.6069270691399962,0.8131650431072794,1.0,1.0,1.0,0.03091242545026096,-5.0268737268622345
-1.0,-1.0,-0.06500768422958036,-0.552441198412301,0.8319888559108362,1.0,2.1484464612375067
1.0,1.0,0.7687637574586745,0.06495185651960012,0.081007846021335,-0.39431801508766967,-1.9187884680040832
0.2821241259087528,0.3642979916257705,1.0,-0.25452678960650066,0.46067438597263777,-0.18954267258918733,-0.2855351958854998
-0.5288012817053166,-0.8922529443849104,-0.015276369311904459,-0.9691990796254437,-1.0,-1.0,6.8817868055065805
-1.0,-0.7588876349807824,-0.5040260058083973,-1.0,0.5096262377105871,0.8601896821944472,-0.4721467589539286
-1.0,-0.40809758267562346,-0.6471141631976486,-0.2136895377199517,-1.0,-0.8782233517106885,-1.0815032166710128
-1.0,-1.0,-1.0,-1.0,0.5165172391924814,1.0,-2.0506753721188242
0.8728017005388342,0.40129493421392093,-0.47164655505726316,0.5151929690840981,1.0,0.26065131709500744,-2.3509945613229117
0.8534179004033978,-0.5109204269166563,0.5512729768001492,0.24954249310834054,-0.44397894479717714,-0.3855058665159803,2.901147897345724
-0.25552640137101235,1.0,-1.0,1.0,-1.0,-1.0,7.774842929701267
-0.11767923205124575,0.4548343322049961,-0.753917214300095,-1.0,0.22472995609344948,1.0,5.950217986903528
0.1298057047648613,0.5085420227351096,0.28736842438575616,1.0,0.7995105150292892,-0.467643409492045,0.8696341486354777
-0.7444613295390641,1.0,-0.1706681679733732,-0.93957836335972,-1.0,0.6778725104355849,4.91580582022172
0.9947619327723314,0.2160050923192962,1.0,0.6801871159633395,1.0,1.0,-6.171680972001545
-0.48410252364478346,-0.5947068736314105,-1.0,0.4412630434058922,0.8995883706409058,1.0,7.659029880618731
0.2035646606472883,0.42440311138884745,0.1664693001851535,0.8850809303529004,-0.053134776752604695,-1.0,2.9501350396971744
-0.9870188177370476,-0.13582009261722205,-1.0,-1.0,1.0,0.24652677846320237,-0.5544828936682984
-0.011604847299268237,1.0,-0.34610529344878443,-0.24046054250195026,-0.049616125065384376,-0.7348207722728575,0.90747241918869
1.0,0.1530446243770421,1.0,-0.13898878817134175,-0.9230457799297132,0.03043601280115482,4.465220876554605
-0.9154323891498186,-0.5135378726620867,-0.6622689476760932,-0.24505223091863404,-0.4239682786497081,-0.8799363357198454,0.7770601301494586
0.9551075859322568,-0.28207826091028665,1.0,0.13744200727258005,-0.22414440290291537,-1.0,5.886001694429527
-0.48077151834967036,1.0,0.11253973098346673,0.06072442335105144,0.01156099609022751,-1.0,1.9825813309040035
0.2331099512726224,-1.0,0.6795737023900894,-0.7455881126113337,0.912099343216878,1.0,-1.2231164049060588
-1.0,-0.846484426702281,0.8970132272798491,-1.0,-0.9842271550509395,0.28721495903691835,-0.26770209526535693
0.748568242111658,1.0,1.0,1.0,-0.22280846060983928,-1.0,2.0489248951097796
0.45551730777465893,0.3930320007041507,-0.7362744691621432,-1.0,0.238486982585085,0.6461965336279362,1.0339473786644353
-0.5313420078844348,-0.29014442081748437,-0.16388066502637444,-0.9912504142819187,0.24368595420116185,1.0,1.3868331710371984
-0.2801898079485752,0.035178624573419026,-0.6389509129761117,-1.0,-1.0,-0.4986257976144002,0.47328981806027204
-0.7455056621524536,0.5717279078632065,0.4026088474865317,-1.0,-0.7564356674726059,0.4591599723864154,0.895873759355163
0.3142829468095275,1.0,0.005232361765760779,0.7044857402591531,-1.0,-0.7476260123124652,3.776374010617505
1.0,0.6586240459313357,0.4305392883415673,1.0,-0.7424675262847795,0.6068660446069536,3.589595556409419
1.0,1.0,1.0,-0.513055158508933,-0.055219176115136215,-0.5394161547187004,-1.8979834148588777
0.5953597702355398,-0.9780824604573568,0.2601052268861565,-0.2789215386288306,-0.24761726458206224,-0.9319549232424801,6.191483571145573
0.6424174933002185,0.14633022752776467,-0.4380216061937484,-1.0,-1.0,-1.0,4.579422894929938
-0.11750988850836924,0.4036501267249529,0.9127051691176485,0.6191414471043658,-0.97395838994259,-1.0,1.018823634470783
-0.519976285823898,1.0,1.0,1.0,0.5071211738270931,-0.3874698586496896,-5.52304900019475
-0.7018901571620115,-1.0,0.01380915087505942,-1.0,0.2659584164288618,-1.0,5.72833081215519
0.1757804980509614,1.0,0.30868237325230585,1.0,0.9469535013387161,0.06200370188822568,-1.1915161139777555
-0.6617860356716376,-0.5996565892801144,-0.6527566444860041,1.0,-0.883726218062659,0.30137140701330556,-0.39661656069061624
0.916260230598972,0.9428630603186396,0.4332992640092765,0.43545063660168515,-1.0,-0.16024093343721435,2.1672222102776826
-0.42187037237627345,-1.0,0.8666478544344708,-0.06107634727223271,-1.0,-0.47040091573322584,3.458905221318388
0.3556864520713874,1.0,0.004069658815785027,-0.1758682572425434,-0.9437910414680266,-1.0,1.6657640067631154
-1.0,-0.7135582620739708,-0.8498369682734151,0.3987313169995049,-0.40124079347870445,-0.6536177324471544,-0.3754140256297701
-0.7728163769610026,-1.0,-1.0,-0.35371542173017634,-1.0,-0.6821934528367434,-1.0097108033386397
0.14160019246079558,0.7138383306669988,0.40543656952287543,1.0,-1.0,-0.9533824041043415,4.777775693068863
-0.5005540359383744,-1.0,-1.0,0.9736121682904317,1.0,1.0,4.437039962129989
-0.36543006865523303,1.0,-0.20193990664183062,-0.9753754221010941,1.0,0.7049978694878958,6.975306773083959
-0.9417845009503939,-0.5875163437454675,-1.0,-0.6875961491860842,-0.5418635446988216,-0.22644906052081468,-2.5122539812328757
-1.0,0.7490774298489398,0.04223687107442098,0.11119122607579798,0.726861280512143,0.37493320525771423,2.572393319897251
0.4592665443202576,-0.1485589107322679,0.5033998118464457,0.9720541665264092,-1.0,-0.26257832294291594,1.513585186270157
-0.9943701685670793,-0.7767652380309589,-0.8003840986409143,-1.0,0.6380940488159899,1.0,0.885288875548945
-1.0,-0.33559390327972793,-0.28940494011851337,0.32532018194259965,0.8873434212021984,-0.15596984508795775,2.4877779491913907
0.21495446894505027,0.22353479752144623,-0.07633816804207871,1.0,-0.621389234972903,0.37210147517421543,0.5395514404611467
0.7021168169707568,-0.785619326910675,-0.6605421708474448,-0.6211393199371891,1.0,0.20212392401305868,-2.5761401543828346
1.0,1.0,1.0,0.24243199593453046,-1.0,-1.0,5.208094413426125
1.0,1.0,1.0,0.27750731560227626,1.0,0.4678868750056686,-6.834728814863757
-1.0,-0.5348541195297596,-0.38490408736316806,0.28620699006472217,-1.0,-1.0,-1.0375357913150836
-1.0,-0.005143363465424766,-0.4311908704431381,-0.2862321555227081,-0.2102560298575436,0.47888527658237884,-1.0013000013640339
0.21873836086429144,0.4071744099201031,1.0,0.20648237734843877,-0.0727672845194072,0.6033878319105876,-0.23582028227424634
0.40466933278053774,0.2701738432151204,1.0,-0.4432305638188409,0.7749062266483746,-0.6376317325337949,0.14982013680054973
-0.5307074385705317,-0.22518717802643562,-0.7004420671192171,-0.6313545988601947,-1.0,-1.0,0.9891949219148539
-0.8137635193479225,-1.0,-0.6474942741447146,-1.0,0.8990399084723771,-0.050433271958778586,-1.6630248511866386
1.0,0.005151958814330504,0.37477139397791204,1.0,-1.0,-0.4525470604897568,5.424492482945422
0.04877311578815402,0.1844683837701322,0.13207949917761763,-0.26731121896226084,0.5939057049752644,0.25353819898972296,0.2154350689952767
-1.0,-0.6070049176454305,-0.3763531992419567,-0.8109086173428341,1.0,0.052128996870355326,2.1995000659222383
0.9608007104005025,1.0,1.0,-0.498780521418521,-0.4799466521311204,0.2727819857088336,-0.03586106019089452
0.8967569644633714,0.719337626859629,1.0,-0.8600717579206028,-1.0,0.5230138249521381,3.51666139670004
-1.0,-1.0,-1.0,-1.0,0.7488729851045722,0.8027073401829765,-3.8717642214230064
0.8990869245584215,0.3765861510117805,-0.04253268209684302,-0.023601599085315755,-0.6275521124067359,0.6302715859703827,2.5746556920631747
-0.15364710749384614,-1.0,-0.4239323132696109,-1.0,-0.016848271423183223,-0.34529605711574923,0.23971320661864648
0.06284569951952906,1.0,0.5919365818878928,0.450342648008763,-0.38039566952102755,0.10124075218333917,-1.2880611251360623
0.9888582588133452,-0.896332344112748,0.8094817887102784,-0.15247734437720564,0.4238688335630285,-0.397552982676342,1.7437367197050846
-0.9563892564107294,-0.25576587349975505,1.0,1.0,-0.31803675125245634,-0.7728355656909143,-0.5307702534629342
-1.0,-1.0,-0.3039634271274222,-1.0,0.21176837058778458,-0.03701731676280723,-1.7435108662617722
-1.0,-0.19712303223694705,-1.0,0.18693898483433308,-0.5295167103314276,-1.0,4.616041568807923
-0.7935598399159723,0.45820276661300796,-0.3970273683685225,-0.023484142885278003,0.24744544013574965,-1.0,2.88531942677843
0.31305960387156995,-0.35159888632465686,-0.4690694803701617,-1.0,0.38047437008613927,0.08101135783392355,-0.6978221789818551
-1.0,-0.1737479724820552,0.09237380070049495,-0.5467043554644244,0.8509179385100047,0.7089861008721727,2.500695862128547
0.007023467747142215,-0.2755816748979549,-0.9510352116766202,0.058719183467498715,-1.0,-0.13670005586995826,-0.7149644995320953
-0.2368253818936641,-0.9925160949395,1.0,-1.0,-1.0,0.41491374636462863,3.2790872948859233
-0.34880800849701354,-0.594173130515319,-0.7501875288863225,-0.9526178134873217,-0.4645119652198153,-1.0,3.3837835550124313
-1.0,-0.5836403507274956,-1.0,-1.0,1.0,0.6484572263562514,-0.2625289204167479
0.6097441032047681,0.24108227590046405,1.0,1.0,0.25000571280856027,0.08752159067170145,-0.856094909164367
0.7425542284007212,1.0,1.0,1.0,0.9038859845004532,-1.0,-5.3887402342557715
0.21392729989308226,-0.8174972125693374,-0.7557601211112462,-1.0,1.0,-0.20491772051392415,-0.3531411083193128
-0.6390458324763278,0.6165874249780716,-0.5403598695845336,-1.0,0.956837604844049,0.7906532091083955,7.199334158441019
-0.7283122120273126,0.898498248868965,0.8374525542753377,-0.23401103401132417,0.35950893374118786,1.0,-1.0642072670142333
1.0,1.0,0.15630539594292814,1.0,0.5647707379760502,0.6304869997612028,-2.7254477426347394
0.6597179349834484,0.9984045432461773,0.4666145546508624,-0.3974720743223493,1.0,-0.017770159399429775,-1.5055972789667713
-1.0,-0.9843247528905195,-1.0,-0.36882010246168306,-1.0,-1.0,2.1234195787234222
-0.06989381487816249,-0.5230633664152426,-0.888929516193086,-1.0,0.011851329916317987,-0.14757081305898945,-0.5438572589799491
1.0,0.42614900289332813,1.0,0.04292082096357164,0.6437901243685984,-1.0,-0.9440393910923988
0.4337555481361682,-0.7722109382278358,-0.14348881304680405,0.8957745788403979,-1.0,0.7127912944462034,5.0583367010696865
-1.0,-0.264779016563111,0.23404541361362852,-1.0,-1.0,-0.8077789450588004,1.4628889135920642
-1.0,-0.3991699026179356,-1.0,-1.0,1.0,0.9546834138094574,4.63941675302694
-0.8316127575086768,-0.3577067824059811,0.5711095445405594,-0.9669448659997004,-1.0,-1.0,1.511849193961197
-0.731621774911203,-0.3037945652458459,-0.5177804885106305,-1.0,0.9503237526042341,0.1824818801116581,3.16676126633118
-0.14243178158616554,0.020885153773879006,0.2702199228254827,0.004272032769539802,1.0,1.0,3.4255537815817956
-0.6113079816853586,-0.9327514243417734,0.6151865283091846,-0.5597902628071683,-0.021197670750321085,0.2962271151242559,-1.1268235137531228
-1.0,-0.3542841731540274,-1.0,-0.36077211873541537,-0.48355713385652843,-1.0,4.723316910406641
-1.0,-0.4761652963900075,-1.0,0.6776303429422027,-0.04437118499298787,-0.7295395844625527,1.0002702228323823
0.20181025532204833,-0.29800954984023165,0.5366336669454443,1.0,0.8287093547598844,0.42730515455677764,-0.6680250928229973
-0.6545084047805194,-0.01948718635938651,-0.9483823553511674,1.0,-0.4946557909259459,-1.0,2.2352670593379225
1.0,0.003990403911691698,0.37451356906427624,-0.8353211275124763,0.7893533980750904,0.3421446255999774,-2.8738180637298685
-0.28777110455185206,-1.0,-1.0,-1.0,0.6673206251833577,-0.39464812136943106,-3.857029832083022
1.0,1.0,0.2883312257587316,-0.7780122170869063,-1.0,0.9672415650794812,11.447848866612322
1.0,-0.17046498493494988,0.8204565468968937,1.0,-0.9001998950538009,-0.9886744034016727,8.181065052879156
-0.09303772277735733,-0.8731207044318902,-0.379512616720367,0.9124620539445738,0.28999856371976385,-1.0,1.3620392537342587
0.03138199389024743,-0.8208693854047826,0.8976776557662616,-0.2075692300645906,0.7183034141341771,-1.0,4.50288995248187
0.6277774080546301,-0.346556364335838,0.6092707618386917,0.029801526676307116,-1.0,-0.5287092979226241,2.922531002213922
-0.36302086818304113,-1.0,0.46042152096734756,0.3266061560269125,-0.24564947866139475,-0.1878763884407768,0.566373883563938
-0.40642781438677117,0.2553538874352024,0.35767013883122345,-0.20305296691733385,0.6640178820621352,0.023455443350123895,0.6912781052622088
-0.2432603749928417,-1.0,-0.1355402410244415,-1.0,-0.35581903338755483,-1.0,5.4078900893932325
0.8509102808587026,0.6596487809853371,1.0,0.019132733487631226,0.05831716028093581,0.7162399654975273,-2.5392812327336087
-1.0,-0.6565750769078172,-0.944700189710605,-0.7890777636411527,-0.558590981424214,-1.0,3.676177737488321
0.41107702691281467,-0.8737689146576448,0.6086140999228694,0.614610602063664,1.0,0.010636767777299827,-1.037597888011154
-0.7048218243744165,-0.862139196908478,-0.19246291509547087,0.025253781062057556,-0.15031734094132787,-1.0,3.676114584843245
-0.48956303825212366,0.06274633278102404,0.5415089565726476,1.0,0.9694396990977023,1.0,4.761248634662977
-0.26654744382458295,-1.0,-1.0,-0.5327606620731211,-0.19542730601548994,0.06676117531032888,-2.8658884398751123
1.0,1.0,1.0,1.0,-0.839681171820633,-0.3891050698099908,5.112774953963881
-0.8366720073284045,-0.9112653093979879,-1.0,-1.0,0.4906650053223341,-0.42890318429754426,-4.258860200811519
-0.14758668372513192,1.0,0.3329071549621798,1.0,1.0,0.23710939344593318,-2.6559598093438366
0.8552237913537273,0.561903352198807,1.0,0.3105002363212398,-1.0,-1.0,5.340063550503288
0.2583730845838813,0.01694938548939226,0.2397778115594531,1.0,-0.7826016073803921,1.0,4.230487400428138
-1.0,-1.0,0.48021455269315294,-0.09916463647691925,1.0,0.5582057285421571,2.1146545304952777
-0.725671157332306,0.6496366175090186,-1.0,-1.0,1.0,1.0,12.416460515028563
-0.6191322909593295,0.4801076644784094,-1.0,-0.9326830666427615,-0.33030539419801164,-0.13109615435278832,-1.9914799908493854
-0.473828748254724,-1.0,0.3509819635195484,0.7154503251132573,-1.0,0.33544921394725724,1.1793809463797278
-0.5138449964285631,-0.6223304854188638,1.0,0.5125370633492903,0.2746180664815457,-0.5497022728431784,0.7719281050377891
1.0,-0.5233383966125389,1.0,0.26380207119420296,1.0,0.5890965115357778,-5.818804943283655
-1.0,-0.35961110458030177,0.661300635018026,-1.0,0.5647590495003619,0.15775386066721464,-0.043338884563563496
-0.5711508592357606,-1.0,-1.0,-0.5067233867752108,-1.0,-0.41025705156641457,-1.5678321090426144
-0.10045479321161732,0.22140272974255393,0.39187674322067767,0.37989374267308906,1.0,1.0,4.966877159614475
0.7679495350857524,0.2048461845218501,0.863753299187731,0.3887660925094857,1.0,0.2638203336621592,-1.3194927573763866
0.18841541083390922,0.04205876819145682,-1.0,-1.0,1.0,-0.06006354491027066,-0.7393919607824803
-0.4623081223146758,0.2938667021083142,0.14743724259289737,-1.0,-0.1268202524972244,-1.0,0.8909614164751763
0.8489062413525423,0.2629744819077596,0.039850450130838905,0.7371729219468933,1.0,-0.41853449056644737,-1.9137207918943622
0.6939683052653173,0.914012901488434,1.0,0.25525320128790185,0.016084721057010698,-0.9947934978399051,1.0599167736281747
0.05604547458679454,0.27928543577681886,0.847065386569188,1.0,0.885965960524818,1.0,0.2595664872152199
0.7590470792964177,1.0,0.7120229170666422,1.0,0.7494722716229766,0.9327034713220076,-4.28352023184345
0.7948733145600869,-0.3836964161948092,0.5042214912696104,-1.0,-0.7016184187027374,-0.7823212688037847,7.175423332648393
-0.7679458210892709,-1.0,-0.7842048293028285,-1.0,0.5116908397179188,1.0,-1.851951735684193
0.10733405370292393,-1.0,-0.44503413677564296,-0.3944657244670136,0.6753954494861367,1.0,0.035097515948006475
0.6777364441432026,1.0,1.0,0.6629633069972476,-0.11358545662036665,1.0,-4.640249841517725
0.8738969296109228,-0.7418480633258432,0.7073501067464585,0.19826895198427652,0.4384079845464638,1.0,-1.3359006529840807
-0.34344974276232454,0.1753601083629014,-0.31945494241126604,-0.2512593052048576,0.27987983305913877,0.319585024671113,0.038766924589633156
-0.22017269404779827,-1.0,-1.0,0.4373663190037971,1.0,0.6160260288376948,-0.5076627200443695
0.8844426824879514,0.4373889880165076,-0.36247216684865735,0.12273606129989845,-1.0,1.0,7.63154642346951
-0.25056894028305,-0.47851083908063274,-1.0,-1.0,0.014064960735763021,-0.8204498502153048,0.9014011325774126
-0.602630616791964,-0.9078611516899069,-0.17625350148852903,-1.0,-0.315863859228434,0.02599794824138746,-1.2653936683089706
0.0025904855098065616,-0.6100952851808074,-0.5319608743318458,0.3331161208341985,0.6037016791193485,1.0,3.1803445080073565
-0.18038453018702377,0.7605919649301389,0.955807801021061,-0.42867939679884065,0.32544414081346085,-0.23378039362536773,-1.1228757456435259
1.0,0.604633630390365,-0.31117116426562597,0.9044234924702598,0.31024912039120695,-0.10681724150515215,-0.5954970485655562
0.47649396941981037,-1.0,0.2817548082589474,0.29147693446496614,1.0,0.26372467149011214,-0.7192306554679438
0.5641603026907609,0.33563723741341045,1.0,0.1325201886355003,1.0,-0.15395991181201865,-1.8294217841765057
-0.5111026056822761,-0.5212042493826625,0.06602060612963515,-0.5001963321612533,0.9142987993792697,0.00935895421880728,0.8829498243166859
-0.6629503138401491,-1.0,-0.7618142271812567,-0.5819904273168712,-0.8908600989847189,-1.0,1.6558336463353749
1.0,0.12492791846090123,-0.535197637691842,0.6572606070398169,0.35692200133565927,-0.22571555631789875,-1.268216987559543
0.3982602650797849,-0.6198965450638836,-0.6202594598394052,0.27829223928066815,-0.14891197265150968,-0.5820304069111695,0.8232209432530662
-1.0,0.0907807273998909,0.2214073386617469,-0.07418271661212816,1.0,1.0,4.766030119039668
-1.0,-1.0,-1.0,0.5838925290639106,-0.40824559072621314,1.0,2.0478044881409985
-0.29760257556467373,-0.30300200240161224,-0.020898596386104085,1.0,0.4136296271523978,0.912976054618384,3.334872968770514
0.9653696248311985,1.0,0.1389081081918344,1.0,0.8009000554478267,-0.17894703483405372,-1.6869352439558372
-0.5652472857997964,0.23663795217457217,-0.1346515900720352,0.2392931360510694,0.14682468554524225,0.9361543043275156,2.0673763761606274
-1.0,-0.5497459647438843,-1.0,-0.2636258094039521,0.3033466398317708,1.0,5.697112606125684
-1.0,-1.0,-1.0,-0.1449805895450944,1.0,-0.1367179891930639,-4.767718850415095
-0.5060852435581152,-0.5817925108440372,-1.0,-0.9293897464539521,-0.6461385537926898,0.3267664745029867,-1.2454280040415961
0.8474784091070215,-0.29728089587202877,0.19709487445620977,0.5155985317636393,-0.7205892300120549,0.06478892038107331,1.451098811937071
-0.15019547825684754,0.37867159845094756,-0.5118254112205471,-1.0,-0.19366788622602837,0.07668744710404868,-0.18429005410555505
0.4086024573745383,-0.8010407589277635,-0.19403987888252738,0.46551864368167917,0.4774958566811611,1.0,2.5375021527513253
1.0,0.05483165076735837,-0.7204704042152985,0.24009120918379603,0.4376762799190573,-0.6513105881741029,-1.2359969351229645
1.0,1.0,0.8404620016158236,1.0,1.0,1.0,-7.006074289819784
0.2025703324645287,-0.06305414424035738,0.4094643112630803,-0.4376247628284913,-1.0,-0.3326403683182729,0.40007554933740996
0.4068814101318536,0.8063981992992344,0.6848678093700221,0.07340537991591889,0.9801831503907967,-0.6907378270091686,-0.21482623788367483
0.6648565720520468,-0.39572082519999174,-0.1636598028246381,-1.0,1.0,0.1630435337271896,-0.4204453849031089
-0.7717980967436451,-1.0,-0.585199840079486,0.2211719002603269,0.3789904966772857,0.2924271743218101,-1.2508261459932557
0.13908976857601107,0.3728608991812746,0.44736566841662817,0.4273187638645157,-0.5196267666812475,0.7148400500379563,0.18126395844654075
-0.7419583431359833,-0.12021702957278639,0.08619674722735671,1.0,-0.7776162449317031,-0.20795711553166474,-0.09100455678795749
-0.11162502915507377,0.1591633686849081,0.9631051940563865,0.3356974630906311,1.0,0.7286548911677452,-0.5667570480527891
0.11639758016077006,0.9412969153173818,-0.10132641179138324,-0.48893571557494,0.5958531348783633,0.31769643784843865,1.7630157724744189
0.3961012083685467,0.8709487387312076,0.36756730258835835,0.11160262247451835,-1.0,-0.7161956072473591,1.0087690423215383
-1.0,-0.7305797006799699,-0.6564063539438612,-0.0031281193186883938,1.0,0.7673964566289844,1.9936973578378168
-0.7250885385309757,-1.0,-1.0,-0.5044214974670546,0.45128193408030726,0.599930869790678,-2.372107327173204
0.25142740672279795,1.0,0.691418458337014,0.05558268630843499,0.9923310072250535,0.6948861308073288,-0.9433959502221889
1.0,0.7868300856456779,-0.43232563457788364,0.28138803151912395,0.7266348533159798,-1.0,-0.1317782565327389
0.1974198599893906,-0.11171235286215614,0.5674475499622484,-0.006947964877153157,0.3193496003982792,0.8912937480926504,0.09643075324904382
0.5795175316090009,1.0,-0.7068912607100636,0.6242608814072204,-0.49432681871003203,-0.8919966263156165,4.378514075980753
1.0,0.6043186339377087,0.8947406614192163,0.12427322512434945,0.7119401706585526,1.0,-3.5846393189211785
-0.16922536436614813,-0.12651179898126919,-0.3643750359931225,0.19718164543200234,0.4131884301851684,1.0,4.577210776348862
-1.0,-1.0,0.5011014279666698,-0.9468564163970876,0.5249359328645642,0.7825833964432843,-2.4760748764796014
1.0,0.6890386055973025,-0.26066170770019836,0.4257481810097502,0.1728731454179684,0.012311214470097212,-0.31992784140635105
-1.0,-1.0,-1.0,-1.0,-0.6952788013794069,-0.08790832999686893,-4.220964829503417
0.740916140204058,0.5885900170399709,1.0,0.4757546868477984,1.0,0.4582959249366023,-3.6891571609791143
0.582146045563521,0.14229755106062458,0.9081012639607162,0.22886367911986555,0.9086578809229167,-0.568482626268723,-1.6761984139711084
-1.0,-0.7668883049955428,-1.0,-1.0,-0.09595152032619902,0.37237226160404124,-4.336108928355056
0.5275309637780573,-1.0,-0.24776883031129088,0.011550721983012435,-0.5008528498681949,-1.0,5.132767500343818
-0.47413857809436694,0.21030282855287408,-0.9283425431788509,1.0,0.15102793141250992,0.36155906868933896,-0.534004506298591
0.010524620288369757,0.7183825824287251,1.0,1.0,0.2766911277510966,0.5733888369118383,-4.452204437501057
-0.20510662715160052,-0.10920669150480325,0.45600178910878003,0.24568581640137277,-0.8711063255110617,0.03641296509883862,-0.7445936697030142
-1.0,-1.0,-1.0,-1.0,1.0,-1.0,2.543396213784016
1.0,1.0,0.6184163509900258,0.40852911742973586,-1.0,-1.0,7.050853174832793
1.0,-0.21263929087802147,-1.0,-1.0,-1.0,-0.38328769696617865,5.971311086568365
-0.11874530441728859,-0.986080323327439,0.1322082434665498,0.5644039483136187,0.5470178423552918,0.41023103217412804,0.2174786613677311
0.23724182512412484,-1.0,0.09371480197777937,-1.0,-0.36872156380109633,-1.0,8.759536864566812
0.6363923146147137,0.18246985993799203,0.15139868718712746,0.4144317789767983,-0.2736591327336763,0.6075111401617471,0.7771377114785718
-1.0,-0.7864562603474541,-1.0,-0.42721776698720526,-0.013381652556544221,-1.0,4.6338605261887675
-0.18466791960841555,-1.0,-1.0,-0.29927160221166793,0.48465311557302915,1.0,3.088540465695648
0.18561251830152592,-0.7492576692442291,-1.0,-0.09449749463527024,-0.6352926486771403,-0.5295837696913752,-0.2859911970390559
-0.9745506077982617,-0.4106754034537117,-1.0,-0.33582413644831277,-0.5847920466729768,-0.19181977162583724,-1.3681108160040434
1.0,0.9244144030138763,0.39725286974141616,1.0,-0.3590570996682977,-0.962018677879638,6.936939706055446
-1.0,-0.9529999822709505,-1.0,-1.0,-0.06647596765575225,0.10856435536562425,-7.6184870996109035
0.100409028449719,1.0,0.5167372685638165,1.0,1.0,1.0,-0.35342600262568186
-1.0,-0.08794372323250907,-1.0,-1.0,-0.9358175782199096,-1.0,3.079887935541538
1.0,0.5219339130516053,0.7114180207263405,-0.26364797732683964,1.0,0.49245582520297226,-3.171574868567341
-1.0,0.3449502373218508,-0.10780736373789973,-0.511731945697955,-0.8757892001349701,0.9094317504315255,-0.598135903541586
-0.845052667343176,-1.0,-0.8005213946857583,-0.11389312091540904,-0.1989268328010141,-1.0,2.0126462585262193
-0.1758774046498557,0.22884527380264608,-1.0,-0.2694294546979126,0.048703141611985634,0.0340846371421315,-0.33281366110331223
0.9593224944000072,1.0,0.023229892057508916,-1.0,-0.4472446052035397,-1.0,5.919942802106366
1.0,0.7939405139406872,0.7282991888116626,1.0,1.0,-0.21312959917869628,-4.718178996547133
-0.19099547137051934,-0.19815235516456348,0.38366261765658316,-0.3081788580456897,-0.6078237835201914,-0.25930630296695456,0.34821333933970966
-0.08658011579091107,-1.0,-1.0,-1.0,-1.0,0.4821216376251384,1.647360000447589
0.8026942463567546,-0.27527885542219127,-0.3908100046215577,0.8209928062263987,0.8529971824897635,1.0,1.6002438489615765
1.0,1.0,0.8334676064266904,0.057056585097793766,0.27377200366245225,-0.04631874041539138,-3.5008801134436704
-0.4900474037090762,-1.0,-0.017448440477363325,1.0,0.5125377844903172,0.3162136500487114,-0.48789861447157434
0.5528054887522936,1.0,1.0,1.0,-0.8981359496355814,-0.8049146989909027,2.537955508187766
-1.0,-0.8235238514686825,0.4594580727113454,-1.0,-0.20959635188879377,-0.8706783600240671,3.741394101869767
1.0,0.6401443186077633,0.2677042643018278,0.0846037540443143,-1.0,-0.9287933009108482,5.656155079082414
